gs_name,gs_size,nDE,wilkinson_p,FDR,fry,camera,gsea,goseq,DE
GO_CYTOSOLIC_LARGE_RIBOSOMAL_SUBUNIT,51,15,4.6815787592606137e-14,5.228910213521782e-11,3.7859065969476164e-10,0.011564085437821262,2.2704568159113613e-5,2.825958141796619e-6,rpl3;rpl39;rpl29;rpl34;rpl11;rpl23;rpl7;rpl4;rpl8;rplp1;rpl37;rpl31;rplp0;rpl32;rpl10
KEGG_RIBOSOME,80,26,5.1117982095313694e-14,9.507944669728347e-12,1.0219877991598593e-10,0.005796741673750052,2.3379781165248292e-5,4.754297141284333e-9,rpl3;rps11;rps7;rpl39;rps23;rps16;rpl29;rps2;rps5;rpl34;rps15;rpl11;rpl23;uba52;rpl7;rpl4;rpl8;rplp1;rps18;rpl37;rps21;rpl31;rplp0;rpl32;rpl10;rps19
GO_COTRANSLATIONAL_PROTEIN_TARGETING_TO_MEMBRANE,93,28,5.4415313369522625e-14,5.228910213521782e-11,1.457287760004599e-10,0.007280259664726851,2.3872045834328003e-5,7.360165639554966e-10,rpl3;rps11;rps7;rpl39;rps23;rps16;rpl29;rps2;rps5;rpl34;rps15;rpl11;rpl23;uba52;rpl7;rpl4;rpl8;rplp1;rps18;rpl37;ssr3;rps21;rpl31;rplp0;rpl32;ssr2;rpl10;rps19
GO_CYTOSOLIC_RIBOSOME,97,27,5.506737498255675e-14,5.228910213521782e-11,3.3929823688866546e-10,0.01147930342682836,2.396702137858307e-5,1.0558574375467875e-9,rpl3;rps11;rps7;rpl39;rps23;rps16;rpl29;rps2;rps5;rpl34;rps15;rpl11;rpl23;uba52;rpl7;rpl4;rpl8;rplp1;rps18;rpl37;rps21;rpl31;rplp0;rpl32;rpl10;rps19;pkz
GO_ESTABLISHMENT_OF_PROTEIN_LOCALIZATION_TO_ENDOPLASMIC_RETICULUM,105,27,5.603676785735933e-14,5.228910213521782e-11,3.396875566361006e-10,0.009162713827659872,2.4106841521623838e-5,1.5997881760818784e-8,rpl3;rps11;rps7;rpl39;rps23;rps16;rpl29;rps2;rps5;rpl34;rps15;rpl11;rpl23;uba52;rpl7;rpl4;rpl8;rplp1;rps18;rpl37;ssr3;rps21;rpl31;rplp0;rpl32;rpl10;rps19
GO_PROTEIN_LOCALIZATION_TO_ENDOPLASMIC_RETICULUM,128,27,5.964962415358459e-14,5.228910213521782e-11,3.751867442038239e-9,0.02293833979946635,2.4614172840721687e-5,3.8490090402930184e-7,rpl3;rps11;rps7;rpl39;rps23;rps16;rpl29;rps2;rps5;rpl34;rps15;rpl11;rpl23;uba52;rpl7;rpl4;rpl8;rplp1;rps18;rpl37;ssr3;rps21;rpl31;rplp0;rpl32;rpl10;rps19
GO_PROTEIN_TARGETING_TO_MEMBRANE,171,30,6.539778794749502e-14,5.228910213521782e-11,3.4047359992935106e-7,0.08113633503914112,2.5380710659898476e-5,2.5325145696295127e-7,rpl3;rps11;rps7;rpl39;rps23;rps16;rpl29;rps2;rps5;rpl34;rps15;rpl11;rpl23;uba52;vps37c;rpl7;rpl4;rpl8;rplp1;rps18;rpl37;ssr3;rps21;rpl31;rplp0;mff;rpl32;ssr2;rpl10;rps19
GO_VIRAL_GENE_EXPRESSION,172,29,6.57175137871658e-14,5.228910213521782e-11,7.861947133454914e-7,0.1500823491959403,2.54220052877771e-5,6.939489970236847e-7,rpl3;rps11;rps7;rpl39;rps23;rps16;rpl29;ccnt1;rps2;rps5;rpl34;rps15;rpl11;rpl23;nucks1a;uba52;rsf1b.1;rpl7;rpl4;rpl8;rplp1;rps18;rpl37;rps21;rpl31;rplp0;rpl32;rpl10;rps19
GO_RIBOSOMAL_SUBUNIT,175,28,6.581785542653821e-14,5.228910213521782e-11,8.067634562946998e-8,0.05440731380769803,2.5434937430053922e-5,1.990399663062698e-6,rpl3;rps11;rps7;rpl39;rps23;rps16;rpl29;rps2;rps5;rpl34;rps15;rpl11;rpl23;uba52;rpl7;rpl4;rpl8;rplp1;rps18;rpl37;rps21;rpl31;rplp0;rpl32;rpl10;rps19;MTERF4;mrpl20
GO_TRANSLATIONAL_INITIATION,177,29,6.612010871633463e-14,5.228910213521782e-11,6.556891566690114e-7,0.1558039577944206,2.5473812920317912e-5,2.177565844174436e-7,rpl3;rps11;eif4a1a;rps7;rpl39;rps23;rps16;rpl29;rps2;rps5;rpl34;rps15;rpl11;rpl23;uba52;rpl7;rpl4;rpl8;rplp1;rps18;rpl37;rps21;eif3m;rpl31;rplp0;rpl32;rpl10;rps19;pkz
GO_NUCLEAR_TRANSCRIBED_MRNA_CATABOLIC_PROCESS,183,30,6.67404216372242e-14,5.228910213521782e-11,1.1957852541832479e-6,0.16427350027362922,2.555322737261716e-5,7.910927874249353e-7,upf3a;rpl3;rps11;rps7;rpl39;rps23;rps16;rpl29;lsm7;rps2;ppp2r1bb;rps5;rpl34;rps15;rpl11;rpl23;uba52;rpl7;rpl4;rpl8;rplp1;rps18;rpl37;rps21;rpl31;zgc:56064;rplp0;rpl32;rpl10;rps19
GO_CYTOSOLIC_PART,206,30,7.061909159757603e-14,5.228910213521782e-11,1.4118980880952917e-6,0.1347262891771577,2.603895427559629e-5,4.424398181935034e-7,rpl3;rps11;rps7;rpl39;rps23;rps16;rpl29;cct5;rps2;rps5;rpl34;rps15;rpl11;rpl23;uba52;psmd14;rpl7;rpl4;rpl8;rplp1;rps18;rpl37;rps21;rpl31;rplp0;rpl32;rpl10;rps19;pkz;si:ch211-76m11.3
GO_RIBOSOME,210,30,7.102889128623657e-14,5.228910213521782e-11,5.172385146413059e-7,0.09597100274017194,2.6089225150013044e-5,2.658804830086762e-6,rpl3;rps11;rps7;rpl39;rps23;rps16;rpl29;rps2;rps5;rpl34;rps15;rpl11;rpl23;uba52;rpl7;rpl4;rpl8;rplp1;rps18;rpl37;rps21;rpl31;mt2;rplp0;rpl32;rpl10;rps19;MTERF4;pkz;mrpl20
GO_LARGE_RIBOSOMAL_SUBUNIT,108,17,8.712483538510895e-12,5.920467659938865e-9,3.229214794875311e-7,0.07966063511377697,2.4226566853211232e-5,1.2963076030290163e-4,rpl3;rpl39;rpl29;rpl34;rpl11;rpl23;rpl7;rpl4;rpl8;rplp1;rpl37;rpl31;rplp0;rpl32;rpl10;MTERF4;mrpl20
GO_RNA_CATABOLIC_PROCESS,337,34,3.6991734958081724e-11,2.3341784758549568e-8,2.0991220751587192e-4,0.3798647723201707,2.818171570285199e-5,6.032711139931747e-5,upf3a;hnrnpd;rpl3;rps11;rps7;rpl39;rps23;rps16;rpl29;lsm7;rps2;ppp2r1bb;rps5;rpl34;rps15;rpl11;rpl23;uba52;psmd14;rpl7;rpl4;anp32a;rpl8;rplp1;rps18;rpl37;rps21;rpl31;zgc:56064;rplp0;rpl32;rpl10;rps19;psmb10
GO_ESTABLISHMENT_OF_PROTEIN_LOCALIZATION_TO_MEMBRANE,287,30,4.546718444754738e-11,2.6777140493975566e-8,5.8297531687420654e-5,0.28703310647450475,2.748763056624519e-5,2.2485563315963934e-4,rpl3;rps11;rps7;rpl39;rps23;rps16;rpl29;rps2;rps5;rpl34;rps15;rpl11;rpl23;uba52;vps37c;rpl7;rpl4;rpl8;rplp1;rps18;rpl37;ssr3;rps21;rpl31;rplp0;mff;rpl32;ssr2;rpl10;rps19
GO_CYTOSOLIC_SMALL_RIBOSOMAL_SUBUNIT,41,11,6.564114975114705e-11,3.624211980635207e-8,1.3604510842529996e-10,0.007329479107733281,2.239140170174653e-5,2.5413607867745026e-4,rps11;rps7;rps23;rps16;rps2;rps5;rps15;uba52;rps18;rps21;rps19
GO_PROTEIN_TARGETING,379,34,2.1989472764492243e-10,1.1426764847148498e-7,3.8027073284451526e-4,0.34888541306034837,2.8898393249335338e-5,2.337347405950775e-4,rpl3;rps11;rps7;rpl39;rps23;rps16;rpl29;rps2;rps5;rpl34;siah2l;rps15;rpl11;rpl23;uba52;vps37c;rpl7;rpl4;rpl8;rplp1;rps18;rpl37;ssr3;rps21;rpl31;lamp2;rplp0;mff;rpl32;ssr2;slc25a5;rpl10;rps19;MTERF4
GO_RRNA_BINDING,57,11,3.477713131535939e-10,1.7067843224438046e-7,8.94997361854192e-6,0.2387577692821268,2.2903735599276242e-5,4.430567596365508e-4,rpl3;rps11;rps5;rpl11;rpl23;rpl8;rps18;rpl37;rplp0;MTERF4;mrpl20
GO_PROTON_EXPORTING_ATPASE_ACTIVITY,29,0,4.982548384744592e-9,2.265103313266708e-6,4.075407448418715e-5,0.20209627911711525,2.18842324105482e-5,NA,
GO_SYMPORTER_ACTIVITY,94,10,5.1281487735266205e-9,2.265103313266708e-6,0.0010866380372702286,0.3541519569551026,2.385496183206107e-5,7.5712003744205336e-6,slc5a5;SLC6A13;slc1a5;slc12a7b;slc16a9a;slc12a9;slc16a3;slc6a7;slc13a5b;slc13a5a
GO_DRUG_TRANSMEMBRANE_TRANSPORTER_ACTIVITY,76,8,1.0776125492763826e-8,4.53315679062265e-6,0.0013919343612448258,0.3417259223825627,2.3407143860306166e-5,6.593776699615775e-5,slc7a3a;slc1a5;slc47a1;slc25a5;slc25a15b;slc6a7;slc13a5b;slc13a5a
GO_PHAGOSOME_ACIDIFICATION,27,0,1.520211685907551e-8,6.104340924230594e-6,7.118716728239184e-5,0.22749127538817882,2.180121650788114e-5,NA,
GO_ORGANIC_ACID_TRANSMEMBRANE_TRANSPORTER_ACTIVITY,105,9,1.8123804222252784e-8,6.961116804320917e-6,0.0016554254876139129,0.3498501597171605,2.4106841521623838e-5,2.0410185436624197e-4,SLC6A13;slc7a3a;slc1a5;slc16a9a;slc25a15b;slc16a3;slc6a7;slc13a5b;slc13a5a
GO_ORGANIC_ANION_TRANSMEMBRANE_TRANSPORTER_ACTIVITY,144,11,2.3310330265180328e-8,8.580144065108458e-6,0.001800356102232117,0.3484470146634423,2.4844103252093115e-5,2.223192378742824e-4,SLC6A13;slc7a3a;slc1a5;slc25a5;slc16a9a;slc25a15b;slc16a3;slc22a6l;slc6a7;slc13a5b;slc13a5a
GO_TRABECULA_FORMATION,17,4,2.7908697765025422e-8,9.861817442249384e-6,1.311566495336838e-4,0.3250883568367876,0.0018256405850641123,0.001911763841079584,fkbp1aa;rbp4;mmp2;fkbp1ab
GO_ORGANIC_CYCLIC_COMPOUND_CATABOLIC_PROCESS,474,40,3.7325219058732886e-8,1.2681960967878705e-5,0.0021064104763556333,0.4757466112342401,3.0373902742763418e-5,2.1758941620352915e-5,upf3a;hnrnpd;rpl3;rps11;rps7;rpl39;rps23;rps16;rpl29;lsm7;rps2;ppp2r1bb;rps5;rpl34;rps15;rpl11;rpl23;uba52;psmd14;rpl7;rpl4;anp32a;rpl8;rplp1;cecr2;rps18;rpl37;rps21;tet2;cyp3c1;rpl31;mt2;zgc:56064;rplp0;tet3;rpl32;hint1;rpl10;rps19;psmb10
GO_ESTABLISHMENT_OF_PROTEIN_LOCALIZATION_TO_ORGANELLE,484,38,7.958392023064362e-8,2.6038679678426138e-5,0.0027115429054363977,0.447883179992294,3.0542744571027155e-5,3.9314659410808763e-4,rpl3;rps11;rps7;rpl39;rps23;rps16;txnipa;rpl29;cct5;rps2;rps5;rpl34;siah2l;rps15;rpl11;rpl23;uba52;vps37c;rpl7;rpl4;rpl8;rplp1;rps18;rpl37;ssr3;rps21;rpl31;pih1d1;lamp2;rplp0;mff;rpl32;slc25a5;hcls1;rpl10;rps19;MTERF4;agtr2
GO_ORGANIC_ACID_TRANSMEMBRANE_TRANSPORT,106,9,8.972913073802656e-8,2.830954074784738e-5,0.00282226574614761,0.3936128958745614,2.4173274028234383e-5,0.0010762165066783014,mid1ip1b;SLC6A13;slc7a3a;slc1a5;slc25a15b;slc16a3;slc6a7;slc13a5b;slc13a5a
KEGG_BUTANOATE_METABOLISM,26,0,1.1718646037679356e-7,1.08983408150418e-5,5.5301168157941264e-5,0.20584467367843703,1.9765449993411517e-4,NA,
GO_NEGATIVE_REGULATION_OF_INSULIN_SECRETION_INVOLVED_IN_CELLULAR_RESPONSE_TO_GLUCOSE_STIMULUS,9,3,1.5491422698446728e-7,4.719007866140635e-5,6.756429615422557e-6,0.20835793905591535,0.0033861944222437217,0.0018822249809715664,pim3;jagn1a;ucp2
GO_SECONDARY_ACTIVE_TRANSMEMBRANE_TRANSPORTER_ACTIVITY,154,13,1.8668167586454076e-7,5.497153081957843e-5,0.0036036202689510117,0.4117752538180808,2.5019390027271136e-5,3.530727877051693e-5,slc5a5;SLC6A13;slc1a5;slc47a1;slc25a5;slc12a7b;slc16a9a;slc12a9;slc16a3;slc22a6l;slc6a7;slc13a5b;slc13a5a
GO_RIBOSOME_ASSEMBLY,57,9,1.9714730194551997e-7,5.565726378196405e-5,3.1734423763760225e-5,0.28393442518117995,6.871120679782873e-5,0.0036698017931191223,rpl3;rps5;rps15;rpl11;rplp0;rpl10;rps19;MTERF4;mrpl20
GO_DRUG_TRANSMEMBRANE_TRANSPORT,65,6,2.016110981461229e-7,5.565726378196405e-5,0.0026722452641577982,0.40536578277845847,2.311230267871588e-5,0.003697317985707542,slc7a3a;slc1a5;slc47a1;slc25a15b;slc13a5b;slc13a5a
GO_POLYSOMAL_RIBOSOME,28,7,2.576446102074716e-7,6.795436966092158e-5,6.86682843380035e-10,0.013370319532793483,2.182881840605968e-5,0.004012576638072229,rpl39;rps23;rpl11;rpl8;rps21;rpl31;rpl32
GO_L_AMINO_ACID_TRANSMEMBRANE_TRANSPORTER_ACTIVITY,44,4,2.615404763947627e-7,6.795436966092158e-5,0.0035365288575995467,0.3727463654471398,2.2530134054297623e-5,0.004032720753877245,slc7a3a;slc1a5;slc25a15b;slc6a7
KEGG_VALINE_LEUCINE_AND_ISOLEUCINE_DEGRADATION,40,0,2.867606185385053e-7,1.7779158349387327e-5,3.092031383239449e-4,0.28543736299920713,2.2375369193591695e-5,NA,
GO_AEROBIC_ELECTRON_TRANSPORT_CHAIN,19,3,2.9921446613573157e-7,7.552173125265866e-5,3.7888746877408444e-10,0.004217931739410498,2.1568923495028364e-5,0.23077538634690553,cox8a;ndufa4;cox7c
GO_CYTOPLASMIC_TRANSLATION,87,11,3.114256785502571e-7,7.642040123091586e-5,1.0310066161943248e-5,0.2714469611921563,2.366527830367285e-5,0.004274608364814675,rpl39;rps23;rpl29;rpl11;rpl8;rplp1;rps21;eif3m;rpl31;rplp0;rpl32
GO_INNER_MITOCHONDRIAL_MEMBRANE_PROTEIN_COMPLEX,124,16,3.774192183494494e-7,9.011138851078475e-5,1.8931519035250536e-7,0.0867154055432715,2.4515211688852935e-5,0.00455774866109911,ndufs3;atp5mc1;atp5mc3b;atp5mf;ndufa4;sdhc;cyc1;ndufb9;ndufa6;slc25a5;ndufs7;si:dkey-88p24.11;atp5md;sdhdb;micos10;ndufa11
GO_SMALL_RIBOSOMAL_SUBUNIT,69,11,3.9284118489926965e-7,9.13252375631618e-5,1.7018589536738626e-8,0.03699348555446231,2.318464249281276e-5,0.004619071877684419,rps11;rps7;rps23;rps16;rps2;rps5;rps15;uba52;rps18;rps21;rps19
GO_ACTIVE_TRANSMEMBRANE_TRANSPORTER_ACTIVITY,254,15,4.189591647321742e-7,9.489962208318018e-5,0.0020380588499758524,0.3953512338288343,2.684491691498215e-5,0.004719368351444268,slc5a5;atp5mc1;atp5mc3b;SLC6A13;slc1a5;slc47a1;slc25a5;slc12a7b;slc16a9a;slc12a9;slc16a3;slc22a6l;slc6a7;slc13a5b;slc13a5a
GO_UBIQUITIN_LIGASE_INHIBITOR_ACTIVITY,4,3,6.909733508163543e-7,1.5260146452779184e-4,9.372171261812471e-10,0.05123135255448413,6.558317791486483e-4,0.005577084565488737,rps7;rpl11;rpl23
GO_AMINO_ACID_TRANSMEMBRANE_TRANSPORTER_ACTIVITY,60,5,7.804365022103879e-7,1.6815551367137967e-4,0.0015153951616248766,0.3459711815361105,2.2949991967502812e-5,0.005808418225397721,SLC6A13;slc7a3a;slc1a5;slc25a15b;slc6a7
GO_PEPTIDE_BIOSYNTHETIC_PROCESS,572,38,9.113822289008312e-7,1.9169406214547484e-4,0.00611710411737866,0.5191028523269912,3.198362438431523e-5,0.0015853852071448923,upf3a;hnrnpd;rpl3;rps11;eif4a1a;rps7;rpl39;rps23;rps16;rpl29;rps2;rps5;rpl34;rps15;rpl11;rpl23;uba52;rpl7;rpl4;rpl8;rplp1;rps18;rpl37;eif5a;rps21;eif3m;rpl31;rplp0;per1a;eef1g;rpl32;dio2;rpl10;trmt112;rps19;MTERF4;pkz;mrpl20
GO_ORGANIC_ACID_BIOSYNTHETIC_PROCESS,198,12,1.6298102137596657e-6,3.3483124251983457e-4,0.0033158472069585746,0.4177256240058307,2.5865190626454916e-5,0.007427357886484263,cbr1;glulb;mid1ip1b;trib3;nr1d1;mif;bhmt;cyp3c1;mgst3a;gpt2;apip;avp
GO_UBIQUITIN_PROTEIN_TRANSFERASE_INHIBITOR_ACTIVITY,5,3,2.0202180941066473e-6,4.056046964395028e-4,2.126781246385175e-10,0.02104774232494192,0.0011958023215058863,0.007979611237197193,rps7;rpl11;rpl23
GO_RESPIRATORY_CHAIN_COMPLEX_IV,14,2,2.1549656874008904e-6,4.161154221407257e-4,1.0407325875351707e-9,0.008153575627422811,4.266666666666667e-5,0.38770048855496547,cox8a;ndufa4
GO_PROTON_TRANSPORTING_V_TYPE_ATPASE_COMPLEX,26,0,2.1667771585321917e-6,4.161154221407257e-4,2.1262210055841875e-4,0.2863727917446901,8.50099178237461e-4,NA,
GO_NEGATIVE_REGULATION_OF_T_CELL_DIFFERENTIATION_IN_THYMUS,6,0,2.9071524885030363e-6,5.464209592220388e-4,1.0350874144741154e-4,0.4147499819223406,9.847270761329189e-4,NA,
GO_CELLULAR_AMIDE_METABOLIC_PROCESS,805,45,3.2006074344374023e-6,5.890451265795836e-4,0.009305463487572198,0.5082086104542398,3.558212354113294e-5,0.004492684964015338,upf3a;hnrnpd;rpl3;rps11;eif4a1a;rps7;rpl39;rps23;rps16;rpl29;rps2;ppp2r1bb;rps5;rpl34;rps15;rpl11;rpl23;uba52;rpl7;rpl4;sec11a;rpl8;rplp1;rps18;rpl37;eif5a;rps21;eif3m;rpl31;zgc:56064;rplp0;tmed10;per1a;eef1g;rpl32;dio2;rpl10;trmt112;rps19;slc25a15b;MTERF4;sptssa;pkz;mrpl20;gsr
GO_AMIDE_BIOSYNTHETIC_PROCESS,678,40,3.82603367988741e-6,6.897792148597017e-4,0.009877324942591931,0.5279987165384088,3.368477784889009e-5,0.0043624588925721955,upf3a;hnrnpd;rpl3;rps11;eif4a1a;rps7;rpl39;rps23;rps16;rpl29;rps2;rps5;rpl34;rps15;rpl11;rpl23;uba52;rpl7;rpl4;rpl8;rplp1;rps18;rpl37;eif5a;rps21;eif3m;rpl31;rplp0;per1a;eef1g;rpl32;dio2;rpl10;trmt112;rps19;slc25a15b;MTERF4;sptssa;pkz;mrpl20
GO_PYRUVATE_DEHYDROGENASE_COMPLEX,7,0,4.067103404456233e-6,7.185758294993272e-4,9.413952919786803e-6,0.17734048732720742,0.0011647981363229819,NA,
GO_PLATELET_DENSE_GRANULE_LUMEN,7,2,4.181154794187661e-6,7.242415970951725e-4,1.4462053115265687e-5,0.172291666007249,0.005116791813133099,0.010174686203199598,ntd5;clec3ba
GO_ANION_TRANSMEMBRANE_TRANSPORTER_ACTIVITY,228,17,4.283406252685234e-6,7.276848237734877e-4,0.010257173993445619,0.46542333668388514,2.6428458163750728e-5,1.2296716542588612e-5,fxyd1;slc5a5;SLC6A13;slc7a3a;slc1a5;gabra4;slc25a5;slc12a7b;slc16a9a;slc12a9;slc25a15b;slc16a3;slc22a6l;gabra6b;slc6a7;slc13a5b;slc13a5a
KEGG_LIMONENE_AND_PINENE_DEGRADATION,8,0,4.420944228501646e-6,2.0557390662532654e-4,1.9328902815211253e-4,0.24834767485435663,0.0012144307879143198,NA,
GO_HEART_TRABECULA_FORMATION,11,3,4.73382208502776e-6,7.890298924365138e-4,2.9957914915373973e-5,0.3340169634930405,0.0036559594251901945,0.010605718246621418,fkbp1aa;rbp4;fkbp1ab
GO_PROSTANOID_BIOSYNTHETIC_PROCESS,17,3,5.255901128056285e-6,8.598264919490597e-4,2.8446628958442587e-5,0.299564332629271,0.006765609227002299,0.010983139074863195,cbr1;mif;avp
GO_ORGANIC_ACID_TRANSPORT,240,14,5.608430717840525e-6,9.008159447527855e-4,0.011224084313745523,0.4961572752310134,2.655971952936177e-5,0.0022137451096064546,mid1ip1b;mif;SLC6A13;slc7a3a;slc1a5;slc16a9a;slc25a15b;slc16a3;slc22a6l;slc6a7;slc13a5b;avp;slc13a5a;agtr2
GO_NEGATIVE_REGULATION_OF_UBIQUITIN_PROTEIN_LIGASE_ACTIVITY,7,3,5.851846077895576e-6,9.231287187880271e-4,1.5454225868205028e-8,0.04754647812874329,0.0019135969382448987,0.011384632405396,rps7;rpl11;rpl23
GO_POSITIVE_REGULATION_OF_SIGNAL_TRANSDUCTION_BY_P53_CLASS_MEDIATOR,17,4,6.254043387092965e-6,9.526054308363891e-4,0.002021963692065787,0.5876270416645217,0.008333512317704418,0.011640447978262702,rps7;rpl11;rpl23;spred1
GO_REGULATION_OF_UBIQUITIN_PROTEIN_TRANSFERASE_ACTIVITY,44,6,6.254371178233027e-6,9.526054308363891e-4,0.009600490576096406,0.5676601203073142,0.0025233750140813338,0.011640651942510157,rps7;rps2;trib3;rpl11;rpl23;bmi1a
GO_DNA_METHYLATION_OR_DEMETHYLATION,56,7,6.729959963339699e-6,0.0010076689206125913,0.011929398417846291,0.7395128066691414,1.4222727919214906e-4,0.011540817228030504,otud4;gnas;tet2;mecp2;atf7ip;tet3;mphosph8
GO_MODIFIED_AMINO_ACID_TRANSPORT,15,0,7.918785297866453e-6,0.0011659091553558707,0.0013280953847860388,0.35922095332493875,0.0016255641349218232,NA,
GO_PROTON_TRANSPORTING_ATP_SYNTHASE_COMPLEX,20,4,8.604741383979601e-6,0.0012461358260012427,1.9736357922984243e-10,0.012951069335664782,2.160947359322327e-5,0.05418128158849724,atp5mc1;atp5mc3b;atp5mf;atp5md
GO_DRUG_CATABOLIC_PROCESS,55,5,9.997961662585278e-6,0.0014245482794722313,0.0011758060482443872,0.3980964690169071,5.012188731688425e-4,0.01361768493803784,prdx2;cyp3c1;mt2;sult2st1;gcat
GO_DRUG_TRANSPORT,152,8,1.0487297757373284e-5,0.0014697340521983634,0.013837088814833403,0.4901091001305026,2.499000399840064e-5,0.012852821567840893,slc7a3a;slc1a5;slc47a1;slc25a5;slc25a15b;cnr1;slc13a5b;slc13a5a
GO_PHAGOSOME_MATURATION,41,0,1.0647835560413772e-5,0.0014697340521983634,0.001885137851527369,0.4045758778146369,1.1195700850873264e-4,NA,
GO_THIOESTER_BIOSYNTHETIC_PROCESS,49,0,1.1127487805821317e-5,0.0015123111888711619,0.0019271570143909679,0.3632440994287687,4.5360731214987186e-5,NA,
GO_NEGATIVE_REGULATION_OF_SMOOTH_MUSCLE_CELL_DIFFERENTIATION,14,3,1.2752772557064158e-5,0.001681566981151989,5.86673302707669e-4,0.4964144189039771,0.011331338114329813,0.014772741187174884,nfatc3a;mecp2;nfatc2a
GO_UBIQUITIN_PROTEIN_TRANSFERASE_REGULATOR_ACTIVITY,13,5,1.275746739285371e-5,0.001681566981151989,2.7204103862498e-6,0.21517449190326385,0.014774560584189522,5.542875986930001e-4,rps7;trib3;rpl11;rpl23;cbx8b
GO_BICARBONATE_TRANSPORT,23,0,1.3080116642084653e-5,0.001681566981151989,0.0020895264928476394,0.34676687960193586,9.327346478384417e-4,NA,
GO_ANION_TRANSMEMBRANE_TRANSPORT,203,15,1.3134267794825362e-5,0.001681566981151989,0.014919155796941565,0.49545633163325653,2.6024723487312947e-5,7.520084250522804e-5,fxyd1;mid1ip1b;SLC6A13;slc7a3a;slc1a5;gabra4;slc12a7b;slc12a9;slc25a15b;slc16a3;slc22a6l;gabra6b;slc6a7;slc13a5b;slc13a5a
GO_OXIDATIVE_PHOSPHORYLATION,122,15,1.3457429488646907e-5,0.0016983276014672399,3.564148585574424e-8,0.041379756471872496,2.4482800832415227e-5,0.015040988389225855,ndufs3;atp5mc1;cox8a;atp5mc3b;atp5mf;mecp2;ndufa4;cox7c;sdhc;cyc1;ndufb9;ndufa6;ndufs7;sdhdb;ndufa11
KEGG_PRIMARY_IMMUNODEFICIENCY,15,2,1.749592422229413e-5,6.508483810693416e-4,0.0013289759988320568,0.45132863855225314,0.0020578826258582307,0.01642175895895668,cd40;blnk
GO_NEGATIVE_REGULATION_OF_MACROPHAGE_CHEMOTAXIS,2,2,1.7828233756924332e-5,0.0022182340423756272,5.915395041722201e-11,0.01652551067613876,6.018778589198299e-4,0.03245403159326318,ddt;mif
GO_MONOCARBOXYLIC_ACID_TRANSMEMBRANE_TRANSPORTER_ACTIVITY,28,3,1.8468861626898736e-5,0.002266026716833659,3.382638490420736e-4,0.2785316886163294,0.0014188731963938792,0.016721956515843718,SLC6A13;slc16a9a;slc16a3
GO_POSITIVE_REGULATION_OF_CYTOKINE_BIOSYNTHETIC_PROCESS,28,3,2.1000436369640785e-5,0.002541340477937078,0.004688760605453162,0.6651096649474721,0.017456773264933292,0.012721991562141304,prkcq;stat5a;irf1b
GO_COPI_VESICLE_COAT,14,0,2.2328898680452748e-5,0.0026655877154475615,1.1414472236635943e-4,0.2525267602223872,0.002730666666666667,NA,
GO_PEPTIDE_ALPHA_N_ACETYLTRANSFERASE_ACTIVITY,10,0,2.309848191125245e-5,0.002720693189386722,1.1429135624697266e-4,0.3298413226804332,0.002777368653607423,NA,
GO_FATTY_ACYL_COA_BIOSYNTHETIC_PROCESS,29,0,2.4985875849115136e-5,0.002888722081496029,0.0012338274322573736,0.35186535542503083,0.0028887186781923623,NA,
GO_HIGH_DENSITY_LIPOPROTEIN_PARTICLE,9,2,2.517903557563892e-5,0.002888722081496029,3.7700956123054004e-7,0.07793848928535509,0.01855045640011778,0.0073308862194789515,ntd5;apof
GO_SNRNA_TRANSCRIPTION_BY_RNA_POLYMERASE_III,6,0,2.6816907160483948e-5,0.003037186639175836,9.824457772974164e-5,0.33552397327578076,0.0029927979764824003,NA,
GO_SMALL_MOLECULE_BIOSYNTHETIC_PROCESS,478,23,2.9682913496222914e-5,0.0033192260484257367,0.01960166068691991,0.5181190360477919,3.0388671103412646e-5,0.01207411890025559,cbr1;glulb;mid1ip1b;plch1;trib3;rbp4;nr1d1;COQ10A;mif;uck1;bhmt;cyp3c1;pgp;mgst3a;cnbpa;tpi1b;nme2b.1;hint1;gpt2;apip;snai1b;aprt;avp
GO_FAT_SOLUBLE_VITAMIN_METABOLIC_PROCESS,27,3,3.0536679522878396e-5,0.0033632714870763273,0.019788759967544162,0.5803213176685387,0.0033137849091979333,0.014284387702879719,cbr1;cyp3c1;snai1b
GO_BHLH_TRANSCRIPTION_FACTOR_BINDING,23,0,3.0838237542809884e-5,0.0033632714870763273,5.96837972023311e-4,0.45384053822931925,0.003209587948275542,NA,
GO_POLYSOME,65,8,3.2503736951242825e-5,0.0035016830759424284,1.8582852556309598e-6,0.17650007149846306,2.311230267871588e-5,0.020207000074844314,rpl39;rps23;rpl11;rpl8;rps21;rpl31;rpl32;rpl10
KEGG_BIOSYNTHESIS_OF_UNSATURATED_FATTY_ACIDS,21,0,3.316536509239361e-5,9.53032851862882e-4,1.8533723765118656e-4,0.21250707025923968,0.003328619601870989,NA,
KEGG_OXIDATIVE_PHOSPHORYLATION,119,14,3.5866827758280504e-5,9.53032851862882e-4,7.007219302080813e-9,0.020884775321059697,2.4224806201550387e-5,0.12194014483662048,ndufs3;atp5mc1;cox8a;atp5mc3b;atp5mf;ndufa4;cox7c;sdhc;cyc1;ndufb9;ndufa6;ndufs7;sdhdb;ndufa11
GO_CELLULAR_MODIFIED_AMINO_ACID_BIOSYNTHETIC_PROCESS,36,0,3.630788623936204e-5,0.0037945608130825963,0.0012381984478309562,0.29759895417895776,0.003482929210018413,NA,
GO_REGULATION_OF_INTRINSIC_APOPTOTIC_SIGNALING_PATHWAY_BY_P53_CLASS_MEDIATOR,21,4,3.645128519445346e-5,0.0037945608130825963,4.5438184778287836e-4,0.5244752021967051,0.01658690803577229,0.020998210225134598,rps7;rpl11;rrm2b;mif
GO_MACROLIDE_BINDING,8,3,3.651094284718369e-5,0.0037945608130825963,1.1865584262374386e-7,0.1369079083338522,0.02100972091564754,0.006639094636963888,fkbp1aa;fkbp5;fkbp1ab
GO_ACETYL_COA_BIOSYNTHETIC_PROCESS,20,0,3.6959707437054815e-5,0.003796535529057468,0.0035140905541261682,0.38117217427485883,0.0026147463047800157,NA,
GO_REGULATION_OF_HISTONE_H3_K9_TRIMETHYLATION,9,3,3.784351394409245e-5,0.0038333151910127984,4.6719015171584323e-5,0.40170475488035307,0.012353210309592801,0.0212636476177947,kdm4aa;pih1d1;mecp2
GO_ACETYL_COA_BIOSYNTHETIC_PROCESS_FROM_PYRUVATE,15,0,3.818561657336725e-5,0.0038333151910127984,0.0014016371833132416,0.3649194979482171,0.0035719632964729534,NA,
GO_PROSTANOID_METABOLIC_PROCESS,7,0,3.875213618287719e-5,0.0038464760790959222,5.688319574479376e-4,0.27640907024993244,0.003598394242569212,NA,
GO_ACYLGLYCEROL_TRANSPORT,4,2,4.022323746195919e-5,0.003948134219321639,2.73597956440739e-6,0.10563240036665437,0.01293218289508741,0.021702748836652876,ntd5;mttp
GO_ORGANIC_ANION_TRANSPORT,345,16,4.189384147928474e-5,0.004066925226681334,0.022000811466445915,0.5337839622154372,2.831738120858583e-5,0.004830859771242613,mid1ip1b;mif;SLC6A13;slc7a3a;slc1a5;slc25a5;slc16a9a;slc25a15b;slc16a3;slc22a6l;mttp;slc6a7;slc13a5b;avp;slc13a5a;agtr2
GO_COPI_COATED_VESICLE_MEMBRANE,18,0,4.284323981575671e-5,0.004113882397091248,6.153644115000365e-5,0.2397097088756029,0.0037838070258416822,NA,
GO_GENERATION_OF_PRECURSOR_METABOLITES_AND_ENERGY,422,25,4.4499492913702614e-5,0.004226973337630633,3.238368395738334e-4,0.3221406151940943,2.9691211401425178e-5,0.022450359243858777,ndufs3;atp5mc1;nr1d1;cox8a;atp5mc3b;gnas;COQ10A;atp5mf;mt2;mecp2;ndufa4;cox7c;sdhc;cyc1;tpi1b;ndufb9;ndufa6;ndufs7;adh5;sdhdb;phkg1a;ndufa11;gsr;avp;ugp2a
GO_CILIUM_MOVEMENT,38,0,4.522412954570469e-5,0.004250105961773992,0.0024579079326816486,0.4553426816559356,0.0038876575954656105,NA,
GO_ATP_SYNTHESIS_COUPLED_ELECTRON_TRANSPORT,85,12,4.6164913693289235e-5,0.00429285102701597,3.301152255061545e-8,0.03932110327144108,2.3594922372705393e-5,0.022728617273131427,ndufs3;cox8a;mecp2;ndufa4;cox7c;sdhc;cyc1;ndufb9;ndufa6;ndufs7;sdhdb;ndufa11
GO_NAD_BINDING,50,0,4.713317203047003e-5,0.004337233767887211,0.003968972007506849,0.40381676507981,4.536381781890764e-4,NA,
GO_RESPIRATORY_CHAIN_COMPLEX,75,11,5.103538749588025e-5,0.0046250878060480494,3.7368942056776794e-8,0.04658692292642608,2.3396191100088906e-5,0.02350599850111676,ndufs3;cox8a;ndufa4;sdhc;cyc1;ndufb9;ndufa6;ndufs7;si:dkey-88p24.11;sdhdb;ndufa11
GO_REGULATION_OF_SYSTEMIC_ARTERIAL_BLOOD_PRESSURE_BY_CIRCULATORY_RENIN_ANGIOTENSIN,8,2,5.24382891848149e-5,0.0046250878060480494,1.6650708035238025e-4,0.27663654144981237,0.005707118218877391,0.02372073481660796,atp6ap2;agtr2
GO_HETEROCHROMATIN,66,7,5.317905106953544e-5,0.0046250878060480494,0.007170998020637377,0.6553785044516491,0.005454352891336581,0.023832587317716758,kdm4aa;rrp8;cbx8b;mecp2;mphosph8;wdr76;snai1b
GO_CYTOPLASMIC_SIDE_OF_ROUGH_ENDOPLASMIC_RETICULUM_MEMBRANE,5,0,5.396187975189921e-5,0.0046250878060480494,3.5305371916020465e-8,0.04249816005698415,0.004247159969486424,NA,
GO_ISOCITRATE_METABOLIC_PROCESS,5,0,5.396187975189921e-5,0.0046250878060480494,0.0018176328332846418,0.36966049512973187,0.004247159969486424,NA,
GO_HUMORAL_IMMUNE_RESPONSE,91,7,5.398717470052894e-5,0.0046250878060480494,8.416324412747047e-4,0.40311493073085025,0.002138427542946753,0.023953440028265657,rpl39;hist2h2l;rps19;zgc:114046;psmb10;cd59;blnk
GO_ORGANONITROGEN_COMPOUND_BIOSYNTHETIC_PROCESS,1431,68,5.4011713638898716e-5,0.0046250878060480494,0.023957090952524945,0.534975449573033,4.551454189613582e-5,0.004281902024171282,upf3a;glulb;hnrnpd;rpl3;rps11;eif4a1a;rps7;tmem258;rpl39;rps23;srm;rps16;rpl29;rps2;rps5;rpl34;rps15;rpl11;rpl23;uba52;rpl7;rpl4;atp5mc1;oaz1a;rpl8;rplp1;atp5mc3b;rps18;prkcq;uck1;rpl37;eif5a;rps21;eif3m;bhmt;tet2;atp5mf;rpl31;mt2;mgst3a;rplp0;per1a;tet3;stat5a;ddost;itm2cb;cyc1;eef1g;rpl32;nme2b.1;dio2;gpc4;gpt2;apip;rpl10;trmt112;rps19;slc25a15b;MTERF4;sptssa;tmem14ca;pkz;aprt;mrpl20;phospho1;agtr2;pigw;si:ch211-165d12.4
GO_PROTEIN_HETEROTETRAMERIZATION,49,0,5.4967007501893906e-5,0.0046250878060480494,7.164870834340571e-4,0.2678377952004453,0.004286589099816289,NA,
GO_RIBOSOMAL_LARGE_SUBUNIT_ASSEMBLY,28,5,5.497330989756002e-5,0.0046250878060480494,1.5156520757558464e-4,0.38688269904330697,0.0038418720394665035,0.024099301140080777,rpl3;rpl11;rplp0;rpl10;mrpl20
GO_ISOPRENOID_BIOSYNTHETIC_PROCESS,20,0,5.5874866488096925e-5,0.00465659028826272,0.002561062587005721,0.38062763615452044,0.004321894718644654,NA,
GO_MODIFIED_AMINO_ACID_TRANSMEMBRANE_TRANSPORTER_ACTIVITY,11,0,5.72405876920888e-5,0.004725825716559929,0.0010462827749289235,0.3062469223977401,0.00437447168216399,NA,
GO_PLASMINOGEN_ACTIVATION,21,3,6.298191463837467e-5,0.005151687351068535,6.570671006244381e-6,0.1956890966704871,8.661570775860202e-4,0.025224169263795018,hist2h2l;ntd5;clec3ba
GO_PYRUVATE_DEHYDROGENASE_ACTIVITY,5,0,6.378828113559895e-5,0.0051697768399255155,2.3151266539663245e-6,0.1241428193478238,0.004618271034781353,NA,
GO_NEGATIVE_REGULATION_OF_UBIQUITIN_PROTEIN_TRANSFERASE_ACTIVITY,13,3,6.561056607363834e-5,0.005269124915404737,6.603823018324218e-6,0.22875373971493174,6.368345079392036e-4,0.025572591706430024,rps7;rpl11;rpl23
KEGG_ASCORBATE_AND_ALDARATE_METABOLISM,7,0,6.907333056967224e-5,0.0016059549357448797,7.704052738006329e-4,0.31681569774909263,0.00480608492143096,NA,
GO_ANTIBIOTIC_CATABOLIC_PROCESS,25,4,7.087953378879521e-5,0.005640989202614567,2.2491471824415134e-6,0.1201672378745464,3.2608695652173916e-4,0.02624408597749893,prdx2;mt2;sult2st1;adh5
GO_NEGATIVE_REGULATION_OF_NEUROTRANSMITTER_TRANSPORT,23,0,7.253428964226732e-5,0.0057211420955338346,0.004925215355405542,0.5190950395532353,0.002863278453829635,NA,
GO_INHIBITORY_EXTRACELLULAR_LIGAND_GATED_ION_CHANNEL_ACTIVITY,15,2,7.334961763723024e-5,0.005734252408914088,0.0022932600651374827,0.6921535063010509,0.008563541099363369,0.02654752653422432,gabra4;gabra6b
GO_NEGATIVE_REGULATION_OF_LEUKOCYTE_MIGRATION,21,3,7.535388696949909e-5,0.005781387750300748,0.004640020771111771,0.6039683882500888,0.009765921049782378,0.026788808443002965,ddt;ccl25b;mif
GO_ENERGY_DERIVATION_BY_OXIDATION_OF_ORGANIC_COMPOUNDS,242,18,7.545970070516986e-5,0.005781387750300748,7.274883016151313e-5,0.2551788658646289,2.6611315131193784e-5,0.026801428030500993,ndufs3;nr1d1;cox8a;gnas;COQ10A;mt2;mecp2;ndufa4;cox7c;sdhc;cyc1;ndufb9;ndufa6;ndufs7;sdhdb;phkg1a;ndufa11;ugp2a
GO_PROTEIN_TRANSMEMBRANE_IMPORT_INTO_INTRACELLULAR_ORGANELLE,33,0,7.591589076691044e-5,0.005781387750300748,0.00503890770088507,0.4522388870569981,0.0038862391803568272,NA,
GO_REGULATION_OF_POSTTRANSCRIPTIONAL_GENE_SILENCING,95,0,7.727749934745179e-5,0.005834781446456316,0.005083971801646738,0.41041471221592773,0.0025777501969114734,NA,
GO_PROTEASOME_ACTIVATING_ATPASE_ACTIVITY,7,0,8.148539351353221e-5,0.0060926566866262724,2.8568632201547695e-6,0.1708242634019108,0.0052207916467333654,NA,
GO_LYSINE_ACETYLATED_HISTONE_BINDING,21,0,8.207223745851556e-5,0.0060926566866262724,1.8657001800625964e-5,0.23836561132909065,0.0052395904944166774,NA,
GO_SYNAPTONEMAL_STRUCTURE,15,0,8.500179074477277e-5,0.00623420192259087,0.005332449321711658,0.5596823711595841,0.00416909237732164,NA,
GO_RETINOIC_ACID_RECEPTOR_BINDING,22,0,8.557004764127444e-5,0.00623420192259087,2.840239000287706e-4,0.35490264355140466,0.005350275873599732,NA,
GO_ICOSANOID_BIOSYNTHETIC_PROCESS,24,4,8.609606458638059e-5,0.00623420192259087,9.064832274024302e-4,0.46224657187382134,0.028014431017995306,0.008303263659565175,cbr1;mif;mgst3a;avp
GO_POSITIVE_REGULATION_OF_INTRINSIC_APOPTOTIC_SIGNALING_PATHWAY_BY_P53_CLASS_MEDIATOR,4,2,9.007603583409239e-5,0.006469363419173758,6.462220131579717e-7,0.23266727222247463,0.023200049187383436,0.028442731551935465,rps7;rpl11
GO_NUCLEOSIDE_BISPHOSPHATE_BIOSYNTHETIC_PROCESS,62,0,9.190968492131628e-5,0.006503732373286799,0.005545289981228045,0.4169263067040092,1.3793420538403181e-4,NA,
GO_REGULATION_OF_FATTY_ACID_BIOSYNTHETIC_PROCESS,30,3,9.202700324437966e-5,0.006503732373286799,0.0012854899333084376,0.3873789270715313,4.6083960587241327e-4,0.028648117860531605,mid1ip1b;trib3;avp
GO_REGULATION_OF_NUCLEOBASE_CONTAINING_COMPOUND_METABOLIC_PROCESS,421,24,9.379866715554595e-5,0.006576328775016611,0.020762869498500754,0.7262636755572653,1.8096817976172522e-4,0.028832146632488512,hnrnpd;h2afx;otud4;cct5;ccnt1;nucks1a;cd40;rbfox3a;rad50;cbx8b;prkcq;sltm;riok1;mecp2;rbm19;mphosph8;akap17a;nsrp1;h1fx;trmt112;dimt1l;tfr1a;ten1;si:dkey-108k21.21
GO_POSITIVE_REGULATION_OF_INTERLEUKIN_2_BIOSYNTHETIC_PROCESS,6,2,9.506774679635872e-5,0.006612822639362464,6.003684408434695e-6,0.28705406351573054,0.028962561062732907,0.02071551957124019,prkcq;stat5a
KEGG_CYSTEINE_AND_METHIONINE_METABOLISM,26,4,1.0137733342713706e-4,0.002007661884927455,6.685017721757618e-4,0.3799310787737541,1.53731277726534e-4,0.029594408136624895,srm;ldhba;bhmt;apip
GO_TRANSCRIPTIONALLY_ACTIVE_CHROMATIN,26,0,1.0641411016472615e-4,0.00730948556021843,8.525628402354379e-4,0.526198989130789,0.005967667436489608,NA,
GO_TOXIN_BIOSYNTHETIC_PROCESS,3,0,1.0743465944507191e-4,0.00730948556021843,3.513827611394202e-6,0.09480312325175025,0.00599627258731059,NA,
KEGG_PORPHYRIN_AND_CHLOROPHYLL_METABOLISM,25,0,1.0793881101760509e-4,0.002007661884927455,2.447004206485866e-4,0.23809639983006353,0.006010353601825042,NA,
GO_NEGATIVE_REGULATION_OF_CHROMATIN_ORGANIZATION,52,5,1.0827124947796286e-4,0.00730948556021843,0.009759017359289333,0.6707776267194374,0.016341385092946088,0.03025569971237861,kdm4aa;pih1d1;mecp2;h1fx;si:dkey-108k21.21
GO_INTERLEUKIN_2_BIOSYNTHETIC_PROCESS,8,2,1.0840422029390195e-4,0.00730948556021843,3.2168269990616596e-5,0.4058044079967814,0.030268177200145685,0.02659167161858449,prkcq;stat5a
GO_AMINO_ACID_TRANSMEMBRANE_TRANSPORT,69,5,1.0922029589640398e-4,0.00730948556021843,0.0020715527570126764,0.37260256365659006,2.318464249281276e-5,0.03034453386594812,SLC6A13;slc7a3a;slc1a5;slc25a15b;slc6a7
GO_TRANSCRIPTION_FACTOR_TFIIH_CORE_COMPLEX,6,0,1.1186591274443227e-4,0.007359722456224692,8.14373069188305e-4,0.34908829114456796,0.006118935512642343,NA,
HALLMARK_XENOBIOTIC_METABOLISM,146,11,1.1300352317856605e-4,0.005650176158928303,0.001643714086324036,0.40744303007043237,2.491777135453005e-5,0.030693669359227543,cbr1;ddt;rbp4;ccl25b;ssr3;mt2;SLC6A13;slc1a5;adh5;psmb10;gsr
GO_PROTEIN_O_LINKED_MANNOSYLATION,18,0,1.1376132442325504e-4,0.007359722456224692,0.006170663014265482,0.5028587581714549,0.004643763168078428,NA,
GO_K63_LINKED_POLYUBIQUITIN_MODIFICATION_DEPENDENT_PROTEIN_BINDING,19,0,1.1376942369464588e-4,0.007359722456224692,3.836930343383823e-4,0.34626496301666465,0.006170883126083633,NA,
GO_ANION_TRANSPORT,434,22,1.1433446718955272e-4,0.007359722456224692,0.030814655677541825,0.5637369177432332,2.9771651433505016e-5,4.3030879599341995e-4,fxyd1;mid1ip1b;slc5a5;mif;SLC6A13;slc7a3a;slc1a5;gabra4;slc25a5;slc12a7b;slc16a9a;slc12a9;slc25a15b;slc16a3;slc22a6l;gabra6b;mttp;slc6a7;slc13a5b;avp;slc13a5a;agtr2
GO_TETRAPYRROLE_BINDING,61,5,1.1596248791891492e-4,0.007359722456224692,0.01648472371894093,0.550580701995866,0.0024349903519250205,0.030961387319127915,nr1d1;cyp3c1;sdhc;cyc1;sdhdb
GO_ACTIVIN_BINDING,15,3,1.1613542459744127e-4,0.007359722456224692,3.288362809801056e-4,0.4032975986151761,0.011207836930250466,0.03097689368213064,fkbp1aa;fkbp1ab;fstl3
GO_E_BOX_BINDING,41,4,1.1734685094615951e-4,0.007359722456224692,0.001309443772728823,0.5813442666500614,0.005890643634129594,0.031085090415996768,nr1d1;per1a;neurod1;snai1b
GO_MITOCHONDRIAL_OUTER_MEMBRANE_TRANSLOCASE_COMPLEX,9,0,1.1735655403992859e-4,0.007359722456224692,3.7611207601368486e-5,0.18099377660127325,0.006267614520674715,NA,
GO_FIBRONECTIN_BINDING,23,2,1.1764881319196585e-4,0.007359722456224692,0.011632018171933083,0.4640649025104788,0.0021040758334960196,0.031111944626070136,ctsla;fstl3
GO_NEGATIVE_REGULATION_OF_MITOCHONDRION_ORGANIZATION,46,4,1.1830208159202017e-4,0.007359722456224692,0.009967513015167425,0.5644386262842592,0.00284244721169464,0.03116988575173313,siah2l;higd1a;slc25a5;avp
GO_DOUBLE_STRANDED_DNA_BINDING,740,30,1.2251303118488728e-4,0.007568392429981079,0.004889539064102993,0.6020213783264367,1.4076972887750218e-5,0.03153838737215818,nr4a1;creb1b;hnrnpd;pcbp3;nucks1a;vezf1b;nr1d1;nfatc3a;rad50;mef2d;pih1d1;dbpa;mecp2;pbx2;per1a;stat5a;npas4a;cnbpa;nme2b.1;rbbp4;irf1b;h1fx;neurod1;nfatc2a;MTERF4;snai1b;tbx6;bsx;gata4;si:dkey-108k21.21
GO_REGULATION_OF_SYSTEMIC_ARTERIAL_BLOOD_PRESSURE_BY_RENIN_ANGIOTENSIN,11,2,1.3428136018361976e-4,0.008183336915818322,0.0013345859734302224,0.3999288478284745,0.0019653423499577344,0.0325257363592685,atp6ap2;agtr2
GO_PROTEIN_LOCALIZATION_TO_MEMBRANE,539,35,1.343201101192729e-4,0.008183336915818322,0.03252889103431313,0.6381510988038597,3.138633439000659e-5,0.009516499968836255,rpl3;rps11;rps7;rpl39;rps23;rps16;rpl29;rps2;rps5;rpl34;rps15;rpl11;rpl23;uba52;vps37c;rpl7;rpl4;rpl8;rplp1;gbp1;rps18;rpl37;ssr3;rps21;rpl31;rplp0;mff;rpl32;ssr2;ppp2r5a;gpc4;rpl10;rps19;nkd2a;pigw
GO_REGULATION_OF_INFLAMMATORY_RESPONSE_TO_ANTIGENIC_STIMULUS,17,2,1.3891841076361014e-4,0.008405515347162548,0.0012471471314070798,0.3910550817560672,0.02616035567774222,0.0328990517637705,cnr1;si:ch211-76m11.3
GO_DNA_METHYLATION,44,5,1.4193231662533185e-4,0.008474216332073913,0.02165396671130579,0.7922948551092479,0.002373375047197799,0.03313729592722664,gnas;mecp2;atf7ip;tet3;mphosph8
GO_DNA_MODIFICATION,75,7,1.4197238138407734e-4,0.008474216332073913,0.029607341355241807,0.7887747409191123,3.143555710792875e-4,0.03314044035657991,otud4;gnas;tet2;mecp2;atf7ip;tet3;mphosph8
GO_NEGATIVE_REGULATION_OF_TOLL_LIKE_RECEPTOR_SIGNALING_PATHWAY,26,3,1.4850904926414215e-4,0.008804892222814978,0.007477219699420354,0.6616694320972147,2.586605080831409e-4,0.03364580345942057,otud4;nr1d1;si:ch211-76m11.3
GO_REGULATION_OF_B_CELL_RECEPTOR_SIGNALING_PATHWAY,17,0,1.5174715029850694e-4,0.00892039821039295,0.003287047283534591,0.4867975237623373,0.007129090807028049,NA,
GO_NITRIC_OXIDE_MEDIATED_SIGNAL_TRANSDUCTION,22,3,1.5247680889397052e-4,0.00892039821039295,0.004148612685738288,0.4943441764496731,0.0067788534424880345,0.033945424136387466,mt2;neurod1;agtr2
GO_PROTEIN_MANNOSYLATION,21,0,1.5558364906872205e-4,0.009042276025480859,0.007218864827012459,0.49261272314410387,0.0022520084017236524,NA,
GO_RESPIRATORY_ELECTRON_TRANSPORT_CHAIN,103,12,1.582356292604475e-4,0.009136297705142439,1.8162506025726619e-7,0.06523178853273405,2.408361832281682e-5,0.03437126515772894,ndufs3;cox8a;mecp2;ndufa4;cox7c;sdhc;cyc1;ndufb9;ndufa6;ndufs7;sdhdb;ndufa11
GO_POSITIVE_REGULATION_OF_SUPEROXIDE_ANION_GENERATION,10,0,1.6842114376575167e-4,0.009639430083280146,0.0041032364309058385,0.42205622731662495,0.007511519767710985,NA,
GO_SPECTRIN_ASSOCIATED_CYTOSKELETON,10,0,1.691319518800569e-4,0.009639430083280146,1.4510626468183143e-6,0.1581950757602878,0.0075273939971414955,NA,
GO_RESPONSE_TO_STEROL_DEPLETION,10,0,1.75073368318191e-4,0.009849491728619132,0.004255283876823484,0.37876743599988405,0.007658804469038652,NA,
GO_ELECTRON_TRANSPORT_CHAIN,153,14,1.757448752486993e-4,0.009849491728619132,3.329878209961088e-6,0.14156318890546615,2.50388101557414e-5,0.035606231693740095,ndufs3;cox8a;mecp2;ndufa4;cox7c;sdhc;cyc1;ndufb9;ndufa6;ndufs7;adh5;sdhdb;ndufa11;gsr
GO_RIBOSOMAL_SMALL_SUBUNIT_ASSEMBLY,16,3,1.761625190312229e-4,0.009849491728619132,6.349162336839593e-9,0.035634674855999575,2.145140184911084e-4,0.12353624990927997,rps5;rps15;rps19
KEGG_PROXIMAL_TUBULE_BICARBONATE_RECLAMATION,15,0,1.824875955439405e-4,0.003085699342833903,5.088232379789517e-5,0.17634617606073005,0.007819716857504995,NA,
GO_SREBP_SIGNALING_PATHWAY,9,0,1.8268713009847348e-4,0.010150050989244748,0.0019510269449243116,0.34933055728834106,0.007824002019097295,NA,
GO_ATP_METABOLIC_PROCESS,40,0,1.911888083825227e-4,0.010556012082820034,0.008004468024428973,0.420289718096175,5.813563490821278e-4,NA,
GO_INTRINSIC_COMPONENT_OF_MITOCHONDRIAL_OUTER_MEMBRANE,20,0,1.928243169872205e-4,0.01058018643642923,0.0038601168263428256,0.3929781624071671,0.008038724176679056,NA,
GO_TRANSCRIPTION_COFACTOR_BINDING,40,4,1.9438864002980876e-4,0.010600180531008214,8.062353440234513e-4,0.5034962899785114,0.03616201450822193,0.036834875592798744,creb1b;rpl23;nr1d1;per1a
GO_H3_HISTONE_ACETYLTRANSFERASE_COMPLEX,6,0,2.162805540246415e-4,0.011721609903396827,6.425356614465213e-6,0.15964214921400904,0.008514992952443476,NA,
GO_MITOTIC_NUCLEAR_ENVELOPE_REASSEMBLY,9,3,2.1791219938214682e-4,0.011733084694803731,2.9326725609634427e-4,0.41079229612568324,0.0382787195557986,0.014784820959727102,ppp2r1bb;banf1;zgc:56064
GO_ORGANIC_HYDROXY_COMPOUND_TRANSMEMBRANE_TRANSPORTER_ACTIVITY,19,2,2.1914862742162278e-4,0.011733084694803731,0.00349639447843672,0.5155912975664199,0.030757284903910446,0.03835170097507118,rbp4;slc16a3
GO_MICROBODY_LUMEN,40,0,2.2397020456189136e-4,0.011918992693371978,0.008665479318593697,0.4089013117438869,0.0016769894685061378,NA,
GO_UNSATURATED_FATTY_ACID_BIOSYNTHETIC_PROCESS,31,3,2.2564713491368492e-4,0.011936328082799357,1.2881429794067513e-4,0.30954977651521726,0.0013196674438041615,0.038730881477101124,cbr1;mif;avp
GO_MEMBRANE_LIPID_CATABOLIC_PROCESS,27,0,2.282478267062231e-4,0.01200203155430223,0.008748081491285272,0.4057557477918873,0.003924218971418605,NA,
KEGG_PEROXISOME,70,0,2.2947357818966065e-4,0.0035568404619397403,0.008771608995445287,0.4322127219742309,0.0035710973008069753,NA,
GO_AMIDINE_LYASE_ACTIVITY,7,0,2.3087259035547736e-4,0.01206821575858158,7.19466223521797e-7,0.04227448505646141,0.008798385922582523,NA,
GO_QUINONE_BINDING,14,3,2.3848870355112328e-4,0.012275452063463439,2.4851914904150998e-5,0.2895491616388854,0.009941333333333333,0.03945949676501975,COQ10A;ndufs7;sdhdb
GO_LIGAND_GATED_ANION_CHANNEL_ACTIVITY,18,2,2.3853153952497862e-4,0.012275452063463439,0.0028777320004737066,0.7666762136900849,0.02505234819024828,0.03946188338297776,gabra4;gabra6b
GO_NEGATIVE_REGULATION_OF_MACROPHAGE_MIGRATION,3,2,2.3900585860490279e-4,0.012275452063463439,3.1475935261432804e-9,0.039488291321552765,0.005813953488372093,0.04253224301221874,ddt;mif
GO_C4_DICARBOXYLATE_TRANSMEMBRANE_TRANSPORTER_ACTIVITY,13,2,2.4160400154582299e-4,0.012337166182981503,4.5896145190608913e-4,0.30580091938050213,0.03963233421074976,0.027865137626846146,slc13a5b;slc13a5a
GO_ACROSOMAL_MEMBRANE,12,0,2.4596336523507317e-4,0.012487588324635842,0.0032642358293901164,0.43858743781175424,0.009082248332804065,NA,
GO_NEGATIVE_REGULATION_OF_INTERLEUKIN_17_PRODUCTION,6,0,2.4948798424866695e-4,0.012529412394979681,2.8192949605440387e-4,0.29519168160342985,0.009147290037543299,NA,
GO_SULFUR_COMPOUND_TRANSMEMBRANE_TRANSPORTER_ACTIVITY,24,0,2.496237923382866e-4,0.012529412394979681,0.0037052085834718665,0.3767178232592162,0.009149787012083804,NA,
GO_VASCULAR_ENDOTHELIAL_GROWTH_FACTOR_ACTIVATED_RECEPTOR_ACTIVITY,8,0,2.638773143959416e-4,0.013170012403241515,0.009408202714350437,0.3955397236792557,0.008445698756140901,NA,
KEGG_ASTHMA,3,1,2.648628399969429e-4,0.0037895760184177988,0.020629008610513918,0.7801270961214726,0.012163250869505414,0.04087848565586361,cd40
GO_L_ORNITHINE_TRANSMEMBRANE_TRANSPORTER_ACTIVITY,5,2,2.669583157046373e-4,0.013224033693590159,1.3387204801231183e-5,0.134281570863852,0.040987155433684516,0.0037598924241146487,slc7a3a;slc25a15b
GO_FATTY_ACID_DERIVATIVE_BIOSYNTHETIC_PROCESS,44,0,2.6795359193486964e-4,0.013224033693590159,0.009480822365797123,0.4717427664020367,0.004979159625999775,NA,
GO_3_HYDROXYACYL_COA_DEHYDROGENASE_ACTIVITY,9,0,2.7178878661030583e-4,0.013338789671752452,1.4725760592654123e-5,0.16005163136854175,0.009548647625457452,NA,
HALLMARK_MYC_TARGETS_V1,192,15,2.752860810068661e-4,0.006882152025171653,5.996495231619158e-4,0.38415553449608053,2.5845803933731358e-5,0.04141355222819529,hnrnpd;eif4a1a;srm;cct5;lsm7;ifrd1;rps2;rps5;rpl34;psmd14;rplp0;cnbpa;cyc1;nme2b.1;hspe1
GO_METHIONINE_BIOSYNTHETIC_PROCESS,11,2,2.829993145856697e-4,0.013812242790330422,3.9695289329460217e-5,0.23885197475214046,0.03355874894336433,0.04180096209838063,bhmt;apip
KEGG_PARKINSONS_DISEASE,112,13,2.871467498871797e-4,0.0038149496770725306,2.5007831889009965e-8,0.042006401641676204,2.411672494875196e-5,0.05397379897758024,ndufs3;atp5mc1;cox8a;atp5mc3b;ndufa4;cox7c;sdhc;cyc1;ndufb9;ndufa6;slc25a5;ndufs7;sdhdb
GO_RACEMASE_AND_EPIMERASE_ACTIVITY,15,0,2.910152331147077e-4,0.014125431699644659,0.001290865867916208,0.32043435560318995,0.009881718820182663,NA,
GO_DNA_DEMETHYLATION,13,3,3.105575586067869e-4,0.014980572888510587,4.995133874261109e-4,0.5113057522359095,0.009509585208152153,0.043130813995530176,otud4;tet2;tet3
GO_NEGATIVE_REGULATION_OF_SMALL_MOLECULE_METABOLIC_PROCESS,48,4,3.120246107636346e-4,0.014980572888510587,0.03717839274927459,0.6140850192816154,0.001725116331857905,0.04319938834427022,trib3;pgp;cnr1;snai1b
GO_N_TERMINAL_PROTEIN_ACETYLTRANSFERASE_COMPLEX,9,0,3.203130193472009e-4,0.015295379529260394,1.2231872970640294e-4,0.34646012580627006,0.010368905901653135,NA,
GO_NEGATIVE_REGULATION_OF_MYELOID_CELL_APOPTOTIC_PROCESS,8,2,3.352164832434965e-4,0.01585603660077689,8.864305482727043e-4,0.5510900041219285,0.04425629768997596,0.03419660447023478,mif;ntd5
GO_RNA_IMPORT_INTO_MITOCHONDRION,3,0,3.3564397151293623e-4,0.01585603660077689,1.2769701058223543e-7,0.07486138398010371,0.010615023093752533,NA,
GO_CYTOKINE_METABOLIC_PROCESS,51,3,3.4107305589298415e-4,0.015997188497310768,0.021846157337309415,0.7286425532616705,0.04451552950427106,0.04264660021658555,prkcq;stat5a;irf1b
GO_ORNITHINE_TRANSPORT,6,2,3.4336941645264423e-4,0.015997188497310768,1.1787121263984656e-4,0.2617658512692295,0.044616373856588745,0.003995436103894402,slc7a3a;slc25a15b
GO_RETINOID_X_RECEPTOR_BINDING,14,0,3.440645024325386e-4,0.015997188497310768,1.8895287326207565e-4,0.3396603415184028,0.010747830669904191,NA,
GO_REGULATION_OF_CHROMATIN_SILENCING,31,4,3.65064578507141e-4,0.01685334678908045,0.012544450251258398,0.6909221464215372,0.0455478949684612,0.04079827685753923,atf7ip;mphosph8;h1fx;si:dkey-108k21.21
GO_MITOCHONDRIAL_TRANSMEMBRANE_TRANSPORT,85,7,3.6629415706400793e-4,0.01685334678908045,2.9881549352914244e-5,0.24783739520983158,2.3594922372705393e-5,0.0455995845809246,mid1ip1b;atp5mc1;atp5mc3b;atp5mf;cyc1;ucp2;slc25a15b
GO_CYTOPLASMIC_SIDE_OF_ENDOPLASMIC_RETICULUM_MEMBRANE,12,0,3.7346512966867203e-4,0.01705328335744144,6.313727057607743e-6,0.16437599311843307,0.011199322536254896,NA,
GO_ISOPRENOID_METABOLIC_PROCESS,68,5,3.7450044955214393e-4,0.01705328335744144,0.011617150733445027,0.5493391147106153,2.3151363615316943e-5,0.04594167222485164,rbp4;rdh12;cyp3c1;gpc4;adh5
GO_RNA_POLYMERASE_III_GENERAL_TRANSCRIPTION_INITIATION_FACTOR_ACTIVITY,7,0,3.817963893521029e-4,0.017296355402751165,0.0018756360656903915,0.5098092534459144,0.011324025036109773,NA,
GO_AMINO_ACID_SALVAGE,6,2,3.8619981802321004e-4,0.017406577512331822,4.402523397232346e-7,0.10997329287158186,0.046420941278961236,0.02424706727523592,bhmt;apip
GO_MITOCHONDRIAL_RESPIRATORY_CHAIN_COMPLEX_IV,9,1,3.885980242443689e-4,0.017425761148095204,1.7112613195486673e-8,0.04651800011587784,7.992260127034871e-4,0.5600704021232633,ndufa4
GO_DORSAL_ROOT_GANGLION_DEVELOPMENT,6,0,3.967201714209999e-4,0.01766551287848018,0.011544075384542591,0.43475681311163583,0.009748812511667461,NA,
GO_NEGATIVE_REGULATION_OF_HISTONE_H3_K9_TRIMETHYLATION,5,2,3.979439736039796e-4,0.01766551287848018,4.724937725040588e-6,0.26071109504671414,0.040718446601941745,0.04689252548664469,kdm4aa;pih1d1
GO_NEGATIVE_REGULATION_OF_VASCULAR_SMOOTH_MUSCLE_CELL_DIFFERENTIATION,8,2,4.1443841534701394e-4,0.018305744805877606,1.5336095649297278e-4,0.3755403764520986,0.04753963233461767,0.024881726385994993,nfatc3a;nfatc2a
GO_ANTIMICROBIAL_HUMORAL_IMMUNE_RESPONSE_MEDIATED_BY_ANTIMICROBIAL_PEPTIDE,31,4,4.1731330914858753e-4,0.018341023746361304,9.050827020297965e-7,0.1402473778795382,4.6188360533145646e-4,0.04765067587810429,rpl39;hist2h2l;rps19;zgc:114046
GO_BRANCHED_CHAIN_AMINO_ACID_CATABOLIC_PROCESS,19,0,4.3107011496098564e-4,0.01871725667206001,0.00260924005440735,0.3775704828708495,0.012035459310225826,NA,
GO_REGULATION_OF_VERY_LOW_DENSITY_LIPOPROTEIN_PARTICLE_CLEARANCE,2,0,4.340876812267286e-4,0.01871725667206001,2.631620576679666e-6,0.154131927588005,0.012077682368991254,NA,
GO_REGULATION_OF_SYSTEMIC_ARTERIAL_BLOOD_PRESSURE_BY_HORMONE,17,2,4.3486860397567843e-4,0.01871725667206001,0.020352120678197347,0.5440902078057119,0.010223587276359029,0.048318061637023374,atp6ap2;agtr2
GO_POSITIVE_REGULATION_OF_OXIDATIVE_PHOSPHORYLATION,5,0,4.373352531095406e-4,0.01871725667206001,3.4391788853363546e-4,0.1623019762876489,0.012122961466301053,NA,
GO_PRE_MRNA_INTRONIC_BINDING,11,0,4.3779658755615445e-4,0.01871725667206001,3.664389278007156e-5,0.24733239464555096,0.012129380053908356,NA,
GO_INNATE_IMMUNE_RESPONSE_IN_MUCOSA,21,3,4.38586385682185e-4,0.01871725667206001,5.095337967391878e-7,0.10241452600357685,0.003941014703016392,0.04845711270852268,rpl39;hist2h2l;zgc:114046
GO_THYROID_HORMONE_GENERATION,5,2,4.4357188930964586e-4,0.018839009952699094,2.1586330762662715e-5,0.5703334087317586,0.02768900892728285,0.048642366633035033,slc5a5;dio2
GO_RIBOSOMAL_SMALL_SUBUNIT_BIOGENESIS,61,7,4.532153744836417e-4,0.019156481426739192,0.007322287993364644,0.6899737638091277,0.013392446935587613,0.048996853020279896,rps7;rps16;rps5;rps15;rps21;riok1;rps19
GO_LOW_DENSITY_LIPOPROTEIN_PARTICLE_RECEPTOR_BINDING,17,0,4.569435833393721e-4,0.019222093405809586,0.0021402530217120687,0.35967742285039295,0.012392877853905797,NA,
GO_POSITIVE_REGULATION_OF_SARCOMERE_ORGANIZATION,2,0,4.707871420815499e-4,0.01971058584430527,5.282558968426883e-4,0.5517567485230168,0.012579995613947646,NA,
GO_WATER_SOLUBLE_VITAMIN_METABOLIC_PROCESS,59,0,0.00047505885577198874,0.0197956128862724,0.012637182317564437,0.43369220923759366,0.0043601982742794195,NA,
GO_CELLULAR_COMPONENT_DISASSEMBLY_INVOLVED_IN_EXECUTION_PHASE_OF_APOPTOSIS,31,3,4.8238204600951624e-4,0.019888829616540572,0.04849384746898999,0.860182499499702,0.03258398122341206,0.050039690227984594,cecr2;acin1b;sharpin
GO_RESPONSE_TO_MERCURY_ION,6,0,4.8246144892919536e-4,0.019888829616540572,2.756464750945829e-6,0.1032688747570069,0.012735682728008131,NA,
GO_BICARBONATE_TRANSMEMBRANE_TRANSPORTER_ACTIVITY,12,0,4.8405007556669947e-4,0.019888829616540572,0.01275672346483746,0.4074770669251254,0.012236688895945803,NA,
GO_GLYCEROL_ETHER_METABOLIC_PROCESS,6,2,4.950922812973898e-4,0.020248357467505283,1.2227038277565147e-6,0.1304080522391182,0.03080209910601315,0.05048117211986448,TXN;txn
GO_LIPOPOLYSACCHARIDE_RECEPTOR_COMPLEX,2,0,5.07293647187014e-4,0.020651760733871344,6.0922858697064555e-5,0.18112681402614533,0.013060749538560307,NA,
GO_CENTRIOLAR_SATELLITE,24,0,5.128238418587888e-4,0.020781127610002476,0.001444039444418077,0.44133190447322634,0.01313206149286905,NA,
KEGG_RETINOL_METABOLISM,25,3,5.163189590039543e-4,0.006402355091649033,0.0029695900080089757,0.5222841012134387,5.045187329999123e-4,0.051202140521260785,rdh12;cyp3c1;adh5
GO_FATTY_ACID_BIOSYNTHETIC_PROCESS,96,6,5.18825862827814e-4,0.02092834553525529,0.0012576369878818212,0.3740842902159516,2.3937188816545384e-5,0.05128599275973392,cbr1;mid1ip1b;trib3;mif;cyp3c1;avp
GO_ELECTRON_TRANSFER_ACTIVITY,89,9,5.242588090291864e-4,0.021051374177108333,2.460571038198757e-6,0.1277896185066035,2.3719165085388994e-5,0.051466806944365145,ndufs3;cox8a;ndufa4;cox7c;sdhc;cyc1;adh5;sdhdb;gsr
GO_MONOCARBOXYLIC_ACID_TRANSPORT,110,6,5.292640959706331e-4,0.021156194677848746,0.010956273430842075,0.5092515586597393,2.4324981756263683e-5,0.05163230120251744,mid1ip1b;mif;SLC6A13;slc16a9a;slc16a3;agtr2
GO_SPERM_CAPACITATION,5,0,5.326285460011967e-4,0.021194777366552123,0.013384368152341992,0.6088372568439879,0.008226295280704286,NA,
GO_GABA_GATED_CHLORIDE_ION_CHANNEL_ACTIVITY,12,2,5.470028261324459e-4,0.021669161282753483,0.001854365818044705,0.6917243026695964,0.052210661966759525,0.014396176324739053,gabra4;gabra6b
GO_NEGATIVE_REGULATION_OF_REGULATORY_T_CELL_DIFFERENTIATION,1,1,5.512275565716176e-4,0.02173903676229317,4.5329459596615765e-7,0.13998138169551963,0.027361183707932935,0.05234658360082694,irf1b
GO_DENDRITIC_TRANSPORT,9,0,5.600200672054372e-4,0.0219876323275237,2.090611871652693e-5,0.22835478130396134,0.01372578923288089,NA,
GO_MONOCARBOXYLIC_ACID_BIOSYNTHETIC_PROCESS,127,7,5.685213978429644e-4,0.022222646144003308,0.004429580588513519,0.42908214501877495,2.458875310433008e-5,0.05289594798813516,cbr1;mid1ip1b;trib3;nr1d1;mif;cyp3c1;avp
GO_INTERLEUKIN_2_PRODUCTION,39,3,5.875125168701803e-4,0.022823773236777933,0.01602910139122042,0.7514873948098526,0.033139461144027105,0.053486721946003624,gbp1;prkcq;stat5a
GO_ANION_HOMEOSTASIS,39,3,5.890672739399331e-4,0.022823773236777933,0.026263256684844083,0.5450350633246508,0.0017406440382941688,0.05353452828389272,slc12a7b;slc12a9;lipg
GO_THYROID_HORMONE_METABOLIC_PROCESS,8,2,6.232599973391808e-4,0.02404313893665643,3.6767782536006817e-4,0.5379672400096187,0.014884498797951291,0.054565579789837615,slc5a5;dio2
GO_ACYL_COA_DEHYDROGENASE_ACTIVITY,10,0,6.554318408429245e-4,0.025174282095679977,6.679513103814359e-5,0.18138479738570784,0.014854714162476067,NA,
GO_CELLULAR_METABOLIC_COMPOUND_SALVAGE,31,4,6.689865088946956e-4,0.025439884159181792,0.0027844787906648565,0.4567162898274868,0.05588791624510624,0.04019957634539851,uck1;bhmt;apip;aprt
GO_REGULATION_OF_HISTONE_H3_K9_METHYLATION,21,3,6.69773707879563e-4,0.025439884159181792,7.438723666792753e-4,0.5108923447411094,0.012430092343137437,0.05591015324609386,kdm4aa;pih1d1;mecp2
GO_TRANSEPITHELIAL_TRANSPORT,8,0,6.709863039494405e-4,0.025439884159181792,0.0034869657286108655,0.40833338626248883,0.01503083516253789,NA,
GO_RESPIRATORY_BURST_INVOLVED_IN_INFLAMMATORY_RESPONSE,6,2,6.845842190513149e-4,0.02584451705597998,2.4032569337007566e-6,0.3926150308710755,0.0036091348447449753,0.05632536401386653,prdx2;rps19
GO_COPULATION,14,2,6.905398424236843e-4,0.02593319494465379,0.0021350734793761108,0.5594000662658088,0.05649066666666667,0.03482272779756302,cnr1;avp
GO_ANTIBACTERIAL_HUMORAL_RESPONSE,27,3,6.928043929067574e-4,0.02593319494465379,2.5228107802214614e-6,0.1321808807395286,0.004883472497765376,0.056553275316010884,rpl39;hist2h2l;zgc:114046
GO_GLUCOCORTICOID_SECRETION,11,0,7.027765134274011e-4,0.026169712229968407,4.109846083307968e-5,0.21174174693383324,0.015384615384615385,NA,
GO_CELLULAR_AMINO_ACID_BIOSYNTHETIC_PROCESS,50,4,7.050477145950284e-4,0.026169712229968407,5.19469438561916e-4,0.330865635433008,8.392306296497913e-4,0.05688946430064658,glulb;bhmt;gpt2;apip
GO_ENOYL_COA_HYDRATASE_ACTIVITY,6,0,7.08996744605035e-4,0.026206180928204512,6.518405081055722e-5,0.18436054929221396,0.015452904938706933,NA,
GO_POSITIVE_REGULATION_OF_CAMP_MEDIATED_SIGNALING,21,0,7.176596321497181e-4,0.026415854960044206,0.0017618751162650924,0.48173262582398513,0.015547519542669063,NA,
GO_LARGE_RIBOSOMAL_SUBUNIT_RRNA_BINDING,5,2,7.40347032585093e-4,0.027137865916417887,1.2754198944552979e-8,0.057837793135776194,0.011669381275385029,0.06127274469716062,rpl23;rplp0
GO_S_ADENOSYLMETHIONINE_METABOLIC_PROCESS,12,2,7.476019685954558e-4,0.027290561118067175,9.447925075871525e-4,0.4596644772977433,0.058029003916587274,0.04830350140041208,bhmt;apip
GO_POSITIVE_REGULATION_OF_RECEPTOR_BINDING,8,0,7.670130440818033e-4,0.027735019784376792,0.006638960831722886,0.405858751293796,0.01607609490958503,NA,
GO_DITERPENOID_METABOLIC_PROCESS,58,4,7.675178133962551e-4,0.027735019784376792,0.039091799206194613,0.6535634703060096,9.152270907218853e-5,0.05854772428984107,rbp4;rdh12;gpc4;adh5
GO_MITOCHONDRIAL_RESPIRATORY_CHAIN_COMPLEX_I,48,7,7.691962697727319e-4,0.027735019784376792,5.810532425899216e-8,0.06157533505894783,2.2698899103393484e-5,0.05859103539086109,ndufs3;ndufa4;ndufb9;ndufa6;ndufs7;si:dkey-88p24.11;ndufa11
GO_ALPHA_LINOLENIC_ACID_METABOLIC_PROCESS,12,0,7.783979365637515e-4,0.027952712892699922,4.890361068849215e-4,0.2897194781915499,0.016195617656398858,NA,
GO_NADH_DEHYDROGENASE_ACTIVITY,44,5,7.904609907167675e-4,0.02827098134409686,6.375591766607832e-8,0.059134462995447924,2.2530134054297623e-5,0.15804728788739658,ndufs3;ndufa4;ndufb9;ndufa6;ndufs7
GO_RECEPTOR_TRANSACTIVATION,5,0,7.950539615915044e-4,0.02832059151894899,0.005606627570728332,0.6420797712050172,0.016368932038834952,NA,
GO_RIBONUCLEOSIDE_TRIPHOSPHATE_BIOSYNTHETIC_PROCESS,54,6,8.045128632354751e-4,0.02854243628041039,5.905830632756392e-6,0.19162979959685425,2.2742779167614282e-5,0.059488321556591714,atp5mc1;atp5mc3b;uck1;atp5mf;cyc1;nme2b.1
GO_MONONUCLEAR_CELL_MIGRATION,49,4,8.108122088406482e-4,0.028650860211593143,0.0015687248241478492,0.3752913782745865,0.009389671361502348,0.0596456382960156,hist2h2l;ccl25b;rps19;cmklr1
GO_DIHYDROLIPOYL_DEHYDROGENASE_COMPLEX,11,0,8.499003253768527e-4,0.02991242818477736,0.001664427368428853,0.32721626879839244,0.016927303465765004,NA,
HALLMARK_REACTIVE_OXYGEN_SPECIES_PATHWAY,45,5,8.560031934760667e-4,0.014266719891267779,5.071957019942479e-4,0.37059360929185403,0.002112532085500761,0.06075137654980296,prdx2;ndufa6;TXN;srxn1;gsr
GO_PROTOPORPHYRINOGEN_IX_BIOSYNTHETIC_PROCESS,9,0,8.60800737965923e-4,0.030080474222832675,1.1085648275136504e-4,0.19762212411243793,0.017036133428679594,NA,
GO_ESTABLISHMENT_OF_BLOOD_BRAIN_BARRIER,10,0,8.614851684827561e-4,0.030080474222832675,0.003891966657837999,0.36507874500469406,0.017042944010772824,NA,
GO_FATTY_ACID_BETA_OXIDATION_USING_ACYL_COA_DEHYDROGENASE,11,0,8.839914224734464e-4,0.030675807365559853,7.704817285413605e-5,0.24828601417337823,0.017265426880811497,NA,
GO_APICAL_PROTEIN_LOCALIZATION,8,0,8.865584634339222e-4,0.030675807365559853,0.0014419473594636631,0.47652441452941596,0.017290624341058523,NA,
GO_NEUTRAL_AMINO_ACID_TRANSMEMBRANE_TRANSPORTER_ACTIVITY,25,2,8.889525340257326e-4,0.030675807365559853,0.0019713827740938674,0.34421254221991626,3.2608695652173916e-4,0.06153367756128975,slc1a5;slc6a7
GO_EXTRACELLULAR_MEMBRANE_BOUNDED_ORGANELLE,3,1,9.018028495578435e-4,0.0308267779289278,2.368694116351298e-7,0.1067521487872422,0.04813224211976339,0.061833623085333064,phospho1
GO_DNA_DEALKYLATION,19,3,9.037068737430557e-4,0.0308267779289278,0.0023058316809547006,0.6286451916660898,0.006823393426424803,0.06187782710479288,otud4;tet2;tet3
GO_INTRA_S_DNA_DAMAGE_CHECKPOINT,8,0,9.062078716342461e-4,0.0308267779289278,0.0037753116399609397,0.5553709042911381,0.017482316406923916,NA,
GO_ACETYL_COA_C_ACYLTRANSFERASE_ACTIVITY,7,0,9.072857438896567e-4,0.0308267779289278,2.6347537231498136e-4,0.30337791949780424,0.01749277201156478,NA,
GO_C4_DICARBOXYLATE_TRANSPORT,20,2,9.201428616496136e-4,0.0311438392329988,0.005181549338262511,0.4537933412894678,0.062256893422076236,0.049108707629721374,slc13a5b;slc13a5a
GO_NEGATIVE_REGULATION_OF_PLATELET_DERIVED_GROWTH_FACTOR_RECEPTOR_SIGNALING_PATHWAY,9,1,9.296464236382497e-4,0.03134540651305457,9.585075627393141e-8,0.06247405487448033,0.007225102943419247,0.37182305488850953,ptpn12
GO_CEREBELLAR_GRANULAR_LAYER_FORMATION,6,0,9.334166130553488e-4,0.03135286068338765,0.003101814248934207,0.5573673642652981,0.01774439574443436,NA,
GO_REGULATION_OF_BLOOD_PRESSURE,121,7,9.521048198931117e-4,0.03176579431067857,0.06298152412866256,0.63486419871618,0.0012228825788147821,0.0334455514146222,atp6ap2;mecp2;adh5;kcnk6;cnr1;avp;agtr2
GO_NEGATIVE_REGULATION_OF_LEUKOCYTE_CHEMOTAXIS,6,2,9.529019121949086e-4,0.03176579431067857,5.074545975273337e-7,0.20637906096289968,0.017900479143763873,0.06299939039608987,ddt;mif
GO_MITOCHONDRIAL_ACETYL_COA_BIOSYNTHETIC_PROCESS_FROM_PYRUVATE,6,0,9.718131829800925e-4,0.032274427287391494,8.77737686728323e-6,0.17026047842212408,0.018107900686565308,NA,
KEGG_VALINE_LEUCINE_AND_ISOLEUCINE_BIOSYNTHESIS,10,0,9.877041211554184e-4,0.011482060408431739,7.317628933801778e-4,0.2766546908497628,0.0182562630590321,NA,
GO_CHROMATIN,474,23,9.905229773566834e-4,0.032388735005492005,0.025069186817453754,0.7582465087478828,1.490779528615513e-5,0.06383174000547402,creb1b;h2afx;kdm4aa;hist2h2l;rrp8;nucks1a;rsf1b.1;nr1d1;cecr2;rad50;cbx8b;mef2d;mecp2;mphosph8;rbbp4;irf1b;h1fx;nfatc2a;wdr76;zgc:114046;snai1b;tbx6;si:dkey-108k21.21
GO_NONRIBOSOMAL_PEPTIDE_BIOSYNTHETIC_PROCESS,15,0,9.910764911255547e-4,0.032388735005492005,4.608412933865719e-4,0.25724658514120485,0.01828759651787051,NA,
GO_CERAMIDE_CATABOLIC_PROCESS,15,0,9.933818144450975e-4,0.032388735005492005,0.0026275876170757722,0.3172436297531302,0.0183089855196458,NA,
GO_PROTEIN_TRANSMEMBRANE_TRANSPORT,57,0,9.948924967294204e-4,0.032388735005492005,0.01049779766182754,0.476149458578917,0.018322988479420994,NA,
GO_NEGATIVE_REGULATION_OF_INSULIN_SECRETION,34,3,9.95438009795338e-4,0.032388735005492005,0.06393894463897438,0.7605839424857077,0.039210049095492944,0.05288538163789303,pim3;jagn1a;ucp2
GO_HISTONE_H3_K9_TRIMETHYLATION,12,3,9.972533304837927e-4,0.032388735005492005,6.343158314556418e-5,0.3724103382258722,0.0040934675081016544,0.06397845198484824,kdm4aa;pih1d1;mecp2
GO_POSITIVE_REGULATION_OF_TRIGLYCERIDE_LIPASE_ACTIVITY,3,1,0.001018606536595494,0.032961062799577265,0.0023248064349044324,0.4058069838847158,0.06443967263592902,0.0477887822848356,ntd5
GO_MEIOTIC_COHESIN_COMPLEX,6,2,0.00103668457873757,0.03342361886338574,2.7706257800775992e-5,0.2859410342980025,0.0033403487092351952,0.06482522689467048,smc1a;smc1al
GO_CHYLOMICRON,5,1,0.0010489485378825446,0.03356482961959362,3.091386815998951e-7,0.07490772668252053,0.05201740098550605,0.06508428335530321,ntd5
GO_NUCLEOBASE_CONTAINING_SMALL_MOLECULE_INTERCONVERSION,26,3,0.0010495055593451527,0.03356482961959362,0.0010253914872323257,0.3807198317365045,0.002005362164047344,0.06509600235368002,rrm2b;nme2b.1;gsr
GO_INTRONIC_TRANSCRIPTION_REGULATORY_REGION_DNA_BINDING,13,0,0.0010524629618097615,0.03356482961959362,0.0015011193729722525,0.5502856866995907,0.018849018792301584,NA,
GO_MONOVALENT_INORGANIC_CATION_TRANSMEMBRANE_TRANSPORTER_ACTIVITY,268,13,0.001100385101986454,0.034966913636504796,0.012081755197978154,0.555847129816708,2.7131888108093443e-5,0.06614971319398547,slc5a5;atp5mc1;cox8a;atp5mc3b;ndufa4;SLC6A13;cox7c;slc12a7b;slc12a9;kcnk6;slc6a7;slc13a5b;slc13a5a
GO_CELLULAR_MODIFIED_AMINO_ACID_METABOLIC_PROCESS,24,3,0.0011077298915380847,0.03507414287400516,0.013726394698999249,0.6736173280673726,0.029709640963226983,0.06629917107939562,slc5a5;dio2;apip
GO_NEGATIVE_REGULATION_OF_DNA_ENDOREDUPLICATION,7,2,0.0011182848304619837,0.03528188640107559,1.7541187738676185e-5,0.23094761164916702,0.009918151179585942,0.06651282040038296,smc1a;smc1al
GO_NEGATIVE_REGULATION_OF_AMINO_ACID_TRANSPORT,12,0,0.0011427824406203299,0.03592647715459073,2.3781670612070763e-4,0.4157316272221614,0.01964644860802371,NA,
GO_NEGATIVE_REGULATION_OF_HISTONE_H3_K9_METHYLATION,10,2,0.0011616389874230793,0.03638978303154426,1.5435330872424363e-4,0.43568150162986086,0.029080514530728917,0.06737679938406803,kdm4aa;pih1d1
GO_PEPTIDE_CATABOLIC_PROCESS,15,0,0.0011663073322341236,0.03640692216592314,0.007272441463807763,0.3855915169910119,0.01984899364746647,NA,
GO_INORGANIC_ANION_TRANSPORT,117,7,0.0011725341197310784,0.03647241694966319,0.06759059401220768,0.6372115950740225,7.326901941629014e-5,0.017686178797409816,fxyd1;slc5a5;gabra4;slc12a7b;slc12a9;slc22a6l;gabra6b
GO_L_LACTATE_DEHYDROGENASE_ACTIVITY,2,1,0.0011830304188936971,0.036665799247108465,8.249980890352203e-8,0.06779533680880397,0.05611507904662547,0.20694306968616275,ldhba
GO_CAJAL_BODY,49,0,0.001187052137726174,0.036665799247108465,0.020025937077321167,0.7368394479331335,0.005222585895440969,NA,
GO_RESPIRATORY_CHAIN_COMPLEX_II,5,2,0.0012000544737753769,0.036719346649846656,6.5330612516584e-8,0.06812489968911609,0.0044327155021338886,0.07559924801131235,sdhc;sdhdb
GO_SUCCINATE_DEHYDROGENASE_ACTIVITY,5,2,0.0012000544737753769,0.036719346649846656,6.5330612516584e-8,0.06812489968911609,0.0044327155021338886,0.07559924801131235,sdhc;sdhdb
GO_POLYAMINE_BIOSYNTHETIC_PROCESS,12,2,0.0012051832200181273,0.036719346649846656,3.5672815783903776e-6,0.10758603859613286,0.003958928760453054,0.06822358546202843,srm;oaz1a
GO_TYPE_I_TRANSFORMING_GROWTH_FACTOR_BETA_RECEPTOR_BINDING,12,2,0.0012124252767784225,0.036719346649846656,2.9793745496733455e-4,0.4119753850946005,4.234148406901662e-4,0.06836246826757095,fkbp1aa;fkbp1ab
GO_RIBOSOMAL_LARGE_SUBUNIT_BIOGENESIS,65,6,0.0012127187099224602,0.036719346649846656,0.04218868073157958,0.6908608396788312,0.007442161462546513,0.06836808406079593,rpl3;rpl11;rpl7;rplp0;rpl10;mrpl20
GO_ETHER_METABOLIC_PROCESS,10,2,0.0012208180912799595,0.036719346649846656,3.390458915985636e-5,0.24801525483456888,0.0326761630231237,0.0685227424334046,TXN;txn
GO_NEGATIVE_REGULATION_OF_MEGAKARYOCYTE_DIFFERENTIATION,20,0,0.0012236611202688452,0.036719346649846656,5.149881957811929e-6,0.09186825622813405,0.020334514651223098,NA,
GO_POSITIVE_REGULATION_OF_GROWTH_HORMONE_SECRETION,7,0,0.0012260987931886648,0.036719346649846656,0.020354899122743738,0.6274638622686299,0.0048463922457724065,NA,
GO_CYSTEINE_TYPE_ENDOPEPTIDASE_INHIBITOR_ACTIVITY_INVOLVED_IN_APOPTOTIC_PROCESS,20,2,0.0012261950715083498,0.036719346649846656,1.805389913786042e-4,0.3475627274136376,0.009616215748984355,0.0686250460747342,mt2;avp
GO_CHLORIDE_ION_HOMEOSTASIS,9,2,0.0012315775624957678,0.03675593306448518,1.5545964362577552e-4,0.26107128853718176,0.011693938501661548,0.068727161172174,slc12a7b;slc12a9
GO_MANNOSYLATION,30,0,0.0012413498419546285,0.03692284344722959,0.02048198149775793,0.5312870165301838,0.011455155917399987,NA,
GO_ORGAN_OR_TISSUE_SPECIFIC_IMMUNE_RESPONSE,23,3,0.0012473696671999677,0.03697739476525005,1.2731089154062025e-6,0.1281707499325101,0.008025856272098219,0.06902509053496138,rpl39;hist2h2l;zgc:114046
KEGG_TERPENOID_BACKBONE_BIOSYNTHESIS,13,0,0.0012568291258724682,0.013751189259545828,0.0010211113707883092,0.3093443317110132,0.02061018108737947,NA,
GO_MITOCHONDRIAL_ENVELOPE,640,35,0.0012614607065474079,0.03727004642688896,3.15663960807622e-4,0.30265654526265506,3.2923978533565994e-5,0.06928885297194812,txnipa;chchd2;ndufs3;uba52;atp5mc1;cox8a;atp5mc3b;COQ10A;atp5mf;higd1a;mt2;ndufa4;cox7c;sdhc;mff;cyc1;nme2b.1;ndufb9;ndufa6;slc25a5;ndufs7;mtx3;ucp2;cox14;gcat;vrk2;si:dkey-88p24.11;atp5md;sdhdb;slc25a15b;micos10;cnr1;ndufa11;tmem14ca;mrpl20
GO_PEROXISOME_PROLIFERATOR_ACTIVATED_RECEPTOR_BINDING,8,0,0.0012680641779513292,0.03733164233156655,4.21669252106673e-5,0.27665522992208863,0.020702743113462534,NA,
GO_PHOSPHATASE_INHIBITOR_ACTIVITY,35,0,0.0012719973219155005,0.03733164233156655,0.02073505144890575,0.7268713425156785,0.012681984657713963,NA,
GO_HISTONE_LYSINE_N_METHYLTRANSFERASE_ACTIVITY,37,0,0.0012882202071718006,0.0376825738746877,7.232613485444764e-4,0.46970148152772917,0.0208677948848454,NA,
GO_POSITIVE_REGULATION_OF_GRANULOCYTE_DIFFERENTIATION,6,1,0.00130198478602169,0.03795951683074458,0.07003682551265608,0.8212999618617738,0.04732482477650557,0.03265625809526124,hcls1
GO_OXOGLUTARATE_DEHYDROGENASE_COMPLEX,7,0,0.0013364404225411066,0.03883590359450045,0.001134225841473936,0.32557005254188687,0.021257565987894418,NA,
GO_DNA_ENDOREDUPLICATION,9,2,0.0013790722214248768,0.03994335739038479,9.91552828060495e-5,0.32976453142647433,0.005509379289309136,0.07141869761543225,smc1a;smc1al
GO_NEGATIVE_REGULATION_OF_HISTONE_METHYLATION,18,3,0.0013966347917013888,0.04015973590930263,5.652503192219527e-5,0.34280705457072674,0.0038326353574633563,0.0717264243168694,kdm4aa;pih1d1;mecp2
GO_SUPERCOILED_DNA_BINDING,6,0,0.001397489803723582,0.04015973590930263,0.0041430024180439335,0.7496585009783522,0.021741229171091503,NA,
GO_OLIGOPEPTIDE_BINDING,8,0,0.0014001809667268746,0.04015973590930263,5.034610430238952e-5,0.1966578919095061,0.02176230793352148,NA,
GO_REGULATION_OF_UBIQUITIN_PROTEIN_LIGASE_ACTIVITY,16,3,0.001412103807474756,0.04020325243008213,1.7098506339905276e-4,0.35669203943730243,0.006778642984319025,0.07199538116274878,rps7;rpl11;rpl23
GO_THYROID_HORMONE_TRANSPORT,3,0,0.0014150344544996089,0.04020325243008213,6.210490446940136e-4,0.3034767659963157,0.021878291872619724,NA,
GO_NITRIC_OXIDE_SYNTHASE_BINDING,17,0,0.0014186013695292202,0.04020325243008213,0.021906054841233254,0.5410479776878169,0.005519878004252668,NA,
GO_NEGATIVE_REGULATION_OF_CHOLESTEROL_BIOSYNTHETIC_PROCESS,5,0,0.0014199020554885244,0.04020325243008213,1.801702250448441e-7,0.029346628383057075,0.021916170133806156,NA,
GO_PROTEIN_PHOSPHATASE_TYPE_2A_COMPLEX,18,3,0.001431922212369392,0.04032631274715824,0.07233716228474212,0.7097108767236975,0.06901148041449887,0.04108339906296789,ppp2r1bb;zgc:56064;ppp2r5a
GO_NEGATIVE_REGULATION_OF_CHROMOSOME_ORGANIZATION,114,8,0.0014333781076078433,0.04032631274715824,0.065670435459801,0.7835075218819718,0.03377483443708609,0.07236214799128646,kdm4aa;rad50;pih1d1;mecp2;h1fx;psmg2;ten1;si:dkey-108k21.21
GO_SODIUM_ION_BINDING,5,0,0.0014492182030282205,0.04064251938270254,0.0027456833003574065,0.405422207474473,0.02214296022926417,NA,
KEGG_GLUTATHIONE_METABOLISM,36,4,0.0014539401860165359,0.015024048588837538,6.25196672585457e-5,0.19132866651647024,8.90967813787727e-5,0.0727132724676797,srm;rrm2b;mgst3a;gsr
GO_NEGATIVE_REGULATION_OF_HISTONE_ACETYLATION,12,2,0.0015045975177548877,0.042062071113438855,9.653852954126329e-4,0.477822795121818,0.008338544923910778,0.07356469371185333,pih1d1;mecp2
GO_REGULATION_OF_ACTIVATION_INDUCED_CELL_DEATH_OF_T_CELLS,3,1,0.001512770603183425,0.04215714671458163,1.9585305773735595e-4,0.547625921779588,0.020764119601328904,0.07370030077733156,tsc22d3
GO_RENAL_SODIUM_EXCRETION,19,2,0.001525170549604475,0.042369046022660166,0.017287462578095533,0.5910403080007973,0.0029549425188188858,0.0739051291656157,avp;agtr2
GO_L_ALPHA_AMINO_ACID_TRANSMEMBRANE_TRANSPORT,43,3,0.0015315727482051542,0.04241352243775653,0.00854527726258814,0.43899799805999273,8.9974582180534e-5,0.07401045845603106,slc7a3a;slc1a5;slc25a15b
GO_PROTEIN_IMPORT_INTO_MITOCHONDRIAL_MATRIX,18,0,0.0015660823995892377,0.04323366224366039,7.914850522168137e-4,0.3851785196451022,0.02302532570838887,NA,
GO_HISTONE_H3_K36_METHYLATION,11,0,0.0015711586536159643,0.04323867771353093,6.008617674593064e-5,0.23640901066252182,0.02306290573630462,NA,
GO_INTERLEUKIN_4_MEDIATED_SIGNALING_PATHWAY,6,0,0.001583054760928268,0.0434307632237277,0.003374093979184599,0.5018470251416793,0.023150740476144505,NA,
KEGG_ALLOGRAFT_REJECTION,4,1,0.0015942178694129912,0.01560655387951665,0.027205293396761882,0.8642689682227878,0.07502625335459531,0.06424221206459291,cd40
GO_MRNA_METABOLIC_PROCESS,453,26,0.0015961772094332382,0.043655199591743736,0.004833421055600788,0.6545986629896204,1.4995651261134271e-5,0.07505760054022544,hnrnpd;pcbp3;lsm7;ccnt1;zranb2;prpf38b;mfap1;srek1ip1;zc3h3;rbfox3a;snrpb;dhx16;acin1b;u2surp;pdcd7;sltm;rbbp6;pnn;cd2bp2;rbm27;rbm19;akap17a;nsrp1;snrnp35;zcrb1;rbmx2
GO_POSITIVE_REGULATION_OF_FATTY_ACID_BIOSYNTHETIC_PROCESS,11,2,0.0016058085637074538,0.04378306435738163,3.727595882758432e-4,0.30666948744708544,0.07521132713440405,0.030196170386777306,mid1ip1b;avp
GO_ACTIVATION_INDUCED_CELL_DEATH_OF_T_CELLS,4,1,0.0016198025257389962,0.04402872465347167,9.466710302787168e-4,0.5957525048752954,0.013034656610579386,0.07543361704326147,tsc22d3
GO_NEGATIVE_REGULATION_OF_TRANSMISSION_OF_NERVE_IMPULSE,5,1,0.0016753977399834872,0.04512961712828832,1.2287379037104454e-5,0.1800685730457474,0.0763045584809187,0.05592527109177954,avp
GO_NUCLEAR_ENVELOPE_REASSEMBLY,16,3,0.0016757249545230706,0.04512961712828832,0.008182997495587712,0.564667294344626,0.07306347469807152,0.07630962831697671,ppp2r1bb;banf1;zgc:56064
GO_BONE_TRABECULA_FORMATION,5,1,0.0016780602875912684,0.04512961712828832,0.0012102283861417475,0.3109059018644782,0.07634579304372925,0.06517016733033697,mmp2
GO_ION_TRANSMEMBRANE_TRANSPORTER_ACTIVITY,616,25,0.0016807385142864905,0.04512961712828832,0.07638722739261883,0.6374766365362124,3.249918752031199e-5,0.025193476704928476,fxyd1;slc5a5;atp5mc1;cox8a;atp5mc3b;ndufa4;SLC6A13;cox7c;slc7a3a;slc1a5;gabra4;slc25a5;slc12a7b;slc16a9a;slc12a9;slc25a15b;kcnk6;slc16a3;cnr1;slc22a6l;tfr1a;gabra6b;slc6a7;slc13a5b;slc13a5a
GO_ACTIVATING_TRANSCRIPTION_FACTOR_BINDING,70,5,0.0016968731778011774,0.04529764632589321,5.457457013994043e-4,0.5037954013802762,5.096750382256279e-4,0.07663593698110209,creb1b;mef2d;neurod1;tbx6;gata4
GO_PROTEIN_LIPOYLATION,6,0,0.0016972516338997798,0.04529764632589321,9.915539249671721e-4,0.3774366536054581,0.023977930347845927,NA,
GO_RESPONSE_TO_CORTICOTROPIN_RELEASING_HORMONE,5,1,0.001706576014279806,0.04540931478960183,0.001606463115924417,0.43057477181755766,0.005154320351318475,0.07678476046630826,nr4a1
GO_WATER_TRANSPORT,5,1,0.0017526513832224907,0.04649526222038283,1.197953954444221e-6,0.06791545129610989,0.15331010452961671,0.07748403937562924,avp
GO_RESPONSE_TO_SELENIUM_ION,8,1,0.001759202796421559,0.046529333843077995,6.209956077338753e-8,0.07758249189408815,0.0022995714435037106,0.43476376950111684,selenow1
KEGG_TRYPTOPHAN_METABOLISM,26,0,0.0017687121300405332,0.016449022809376962,0.02448168337081536,0.5690433594602244,8.78464444151623e-4,NA,
GO_PROTEIN_LOCALIZATION_TO_MICROTUBULE_ORGANIZING_CENTER,28,0,0.0017721859466959958,0.046588530646468354,0.005944387127548454,0.5118501281760552,0.024505914266206567,NA,
GO_HISTONE_BINDING,164,12,0.0017756655197236593,0.046588530646468354,0.007388413034582088,0.6032890914853057,2.817461632801883e-4,0.07782883773154603,h2afx;kdm4aa;hist2h2l;rrp8;rsf1b.1;anp32a;cbx8b;daxx;pih1d1;mphosph8;ctsla;rbbp4
GO_AMINO_ACID_TRANSPORT,119,6,0.0017778080294056804,0.046588530646468354,0.012539390423010957,0.5051983192960784,2.440989088778773e-5,0.0778607882690869,SLC6A13;slc7a3a;slc1a5;slc25a15b;slc6a7;avp
GO_RNA_SPLICING,375,23,0.0017825360378657803,0.046588530646468354,0.0063401550119023264,0.6980862193021322,1.5326844968963137e-5,0.07793120677088011,hnrnpd;lsm7;ppp2r1bb;zranb2;prpf38b;mfap1;srek1ip1;ppig;rbfox3a;snrpb;dhx16;acin1b;u2surp;pdcd7;zgc:56064;pnn;cd2bp2;rbm19;akap17a;nsrp1;snrnp35;zcrb1;rbmx2
GO_REGULATION_OF_ICOSANOID_SECRETION,14,2,0.0018013878408010841,0.04694236042960701,3.0257073098233797e-4,0.36786184329082094,0.027349333333333333,0.07821077922171542,mif;agtr2
GO_POSITIVE_REGULATION_OF_HISTONE_H3_K9_ACETYLATION,5,1,0.0018137747335890075,0.04712613528389791,3.203642666279385e-5,0.26315058818762166,0.024077669902912623,0.07839344006127087,pih1d1
GO_ASPARTATE_FAMILY_AMINO_ACID_METABOLIC_PROCESS,43,3,0.0018624470376674312,0.0481740665699939,0.0014475001529091478,0.36171079978874154,9.44733112895607e-4,0.0791034039444783,bhmt;gcat;apip
GO_THIOLESTER_HYDROLASE_ACTIVITY,29,0,0.00186501367069707,0.0481740665699939,0.006163165248661506,0.41058868980210683,0.025144983039719883,NA,
GO_AMACRINE_CELL_DIFFERENTIATION,7,1,0.0018782917900604615,0.04837559671543474,0.0028802625934092104,0.6218096268182892,0.020144439094848338,0.0793319127699716,neurod1
GO_RNA_POLYMERASE_II_C_TERMINAL_DOMAIN_BINDING,6,0,0.0018841342217603891,0.04838500498555604,5.049786119062018e-6,0.18931743657707586,0.025274661620744918,NA,
GO_ANTIMICROBIAL_HUMORAL_RESPONSE,46,4,0.0018971679464782774,0.04855254568579482,8.943483980562027e-6,0.19709236700494331,0.00142122360584732,0.07960250591273865,rpl39;hist2h2l;rps19;zgc:114046
GO_PHOSPHATE_ION_TRANSPORT,18,0,0.0019027000484676555,0.04855254568579482,0.025399960791931846,0.5432668590650335,0.012705852001547922,NA,
GO_PROTEIN_INSERTION_INTO_ER_MEMBRANE,6,0,0.0019071466326659272,0.04855254568579482,1.0727610270983295e-5,0.167505213043607,0.025429881147455976,NA,
GO_DICARBOXYLIC_ACID_TRANSMEMBRANE_TRANSPORTER_ACTIVITY,30,2,0.0019266275544945768,0.04876651604412846,0.01513135108706148,0.4589964778820944,0.01426408303890803,0.08002133109810586,slc13a5b;slc13a5a
GO_INTRACELLULAR_CAMP_ACTIVATED_CATION_CHANNEL_ACTIVITY,7,0,0.001937486393290174,0.04876651604412846,2.6427483274927997e-6,0.15268216493795284,0.02563312469908522,NA,
GO_L_PROLINE_TRANSMEMBRANE_TRANSPORTER_ACTIVITY,4,1,0.0019376326841169446,0.04876651604412846,2.246162470466817e-4,0.19012309112926587,0.06511179882360174,0.08017671937923049,slc6a7
GO_PROLINE_TRANSMEMBRANE_TRANSPORT,4,1,0.0019376326841169446,0.04876651604412846,2.246162470466817e-4,0.19012309112926587,0.06511179882360174,0.08017671937923049,slc6a7
HALLMARK_ADIPOGENESIS,186,13,0.0019423073603816198,0.02427884200477025,0.005913605471114095,0.4906117815730896,2.5745327223109006e-5,0.0802425500591659,ddt;pim3;ndufs3;cox8a;uck1;mgst3a;sdhc;stat5a;slc1a5;cyc1;jagn1a;ucp2;angptl4
GO_HYPEROSMOTIC_RESPONSE,20,2,0.001945747833463154,0.04883163738867473,2.898144069920893e-4,0.32218182700184766,0.06943123865502636,0.08029093427909839,dub;avp
KEGG_SELENOAMINO_ACID_METABOLISM,22,0,0.00196233856405121,0.017380712995882147,0.019672267745774547,0.46915693980535766,0.025798445562014237,NA,
GO_NEGATIVE_REGULATION_OF_BILE_ACID_METABOLIC_PROCESS,2,0,0.0019652731791869275,0.049080284418547185,8.110293012352255e-4,0.44897779730149956,0.025817899080922666,NA,
GO_FEVER_GENERATION,4,1,0.001966767113896955,0.049080284418547185,0.0010465702597688418,0.43053008617457567,0.08058532986289017,0.046904059845010074,cnr1
GO_VITAMIN_CATABOLIC_PROCESS,5,1,0.0019751546053945732,0.04915074868748073,1.4704242089074902e-4,0.4320130474183941,0.01078283817495825,0.0807022327399924,cbr1
GO_MITOTIC_SPINDLE_MIDZONE_ASSEMBLY,2,0,0.001990763779717681,0.04940002030906178,0.025986279447160535,0.5241541189546939,0.021531529735441295,NA,
HALLMARK_OXIDATIVE_PHOSPHORYLATION,201,15,0.002433167588800155,0.024331675888001548,8.247212640326823e-7,0.08664924518576056,2.5960539979231568e-5,0.3312036982540719,ndufs3;atp5mc1;cox8a;atp5mc3b;ldhba;atp5mf;mgst3a;ndufa4;cox7c;sdhc;cyc1;ndufa6;slc25a5;ndufs7;sdhdb
KEGG_HUNTINGTONS_DISEASE,159,15,0.0026898903656745778,0.022741800364339614,2.6135477352867224e-6,0.1675620099201678,2.4970659475116737e-5,0.08966781288592023,creb1b;ndufs3;atp5mc1;cox8a;creb5b;atp5mc3b;ndufa4;cox7c;sdhc;cyc1;ndufb9;ndufa6;slc25a5;ndufs7;sdhdb
KEGG_HEMATOPOIETIC_CELL_LINEAGE,31,3,0.0047376893553409405,0.037558302252176066,0.023211981714895566,0.5589704804806106,0.10885061542548481,0.05321736294866213,tfr1a;cd59;si:ch211-165d12.4
KEGG_METABOLISM_OF_XENOBIOTICS_BY_CYTOCHROME_P450,26,3,0.004846232548667879,0.037558302252176066,5.425089310438445e-4,0.33133600895906395,0.012518118329160628,0.10970102531350859,cyp3c1;mgst3a;adh5
KEGG_RENIN_ANGIOTENSIN_SYSTEM,8,1,0.005896664979793062,0.043045678819420403,0.004673525263549233,0.37546304967538935,0.11736007872861659,0.11603578149608366,agtr2
KEGG_DRUG_METABOLISM_CYTOCHROME_P450,26,3,0.006017137899488874,0.043045678819420403,5.242156841046341e-4,0.316014574510171,0.010629419774234638,0.11818053158228056,cyp3c1;mgst3a;adh5
KEGG_SYSTEMIC_LUPUS_ERYTHEMATOSUS,86,5,0.0065348915755522674,0.045018141964915624,1.2826117043720606e-5,0.13114117310548545,0.0011724429020306712,0.1215912472030161,h2afx;hist2h2l;cd40;snrpb;zgc:114046
